TF,target,importance
24,287,1.0
24,134,1.0
24,650,1.0
24,531,1.0
25,678,1.0
25,159,1.0
25,238,1.0
25,423,1.0
25,649,1.0
25,685,1.0
25,169,1.0
25,538,1.0
25,97,1.0
25,243,1.0
25,258,1.0
25,8,1.0
25,109,1.0
25,135,1.0
25,415,1.0
25,690,1.0
25,620,1.1773805537066522
25,3,1.0
25,521,1.0
25,632,1.0
25,9,1.0
27,293,1.0
27,185,1.0
27,654,1.0
27,552,1.0
27,30,1.0
27,685,1.0
27,288,1.0
27,289,1.0
27,94,1.0
27,503,1.0
27,131,1.0
27,663,1.0
27,239,1.0
27,410,1.0
27,486,1.0
27,32,1.0
27,670,1.0
27,184,1.0
27,592,1.0
27,186,1.0
27,13,1.0
28,93,1.0
28,240,1.0
28,375,1.0
28,13,1.0
28,614,1.0
28,647,1.0
28,30,1.0
28,457,1.0
28,531,1.0
28,115,1.0
28,142,1.0
28,454,1.0
28,515,1.0
28,268,1.0
28,270,1.0
28,273,1.0
28,124,1.0
28,237,1.0
28,685,1.0
28,24,1.0
28,97,1.0
28,591,1.0
28,191,1.0
28,201,1.0
28,27,1.0
28,666,1.0
28,663,1.0
28,696,1.0
28,564,1.0
28,150,1.0
28,247,1.0
28,634,1.0
28,608,1.0
28,34,1.0
28,540,1.0
28,658,1.0
28,431,1.0
28,134,1.0
28,71,1.0
28,486,1.0
28,550,1.0
28,117,1.0
28,693,1.0
28,694,1.0
28,675,1.0
28,262,1.0
28,436,1.0
28,84,1.0
28,39,1.0
28,44,1.0
28,42,1.0
28,688,1.0
28,86,1.0
28,259,1.0
28,63,1.0
28,231,1.0
28,261,1.0
28,552,1.0
28,676,1.0
28,667,1.0
28,271,1.0
28,272,1.0
28,620,1.0
28,289,1.0
28,413,1.0
28,165,1.0
28,185,1.0
28,195,1.0
28,81,1.0
28,239,1.0
28,410,1.0
28,28,1.0
28,100,1.0
28,65,1.0
28,103,1.0
28,131,1.0
28,45,1.0
28,123,1.0
28,581,1.9747485398415348
28,205,1.0
28,488,1.0
28,420,1.0
28,646,1.0
28,472,1.0
28,513,1.0
28,425,1.0
28,288,1.0
28,291,1.0
28,52,1.0
28,183,1.0
28,570,1.0
28,400,1.0
28,679,1.0
28,503,1.0
28,510,1.0
28,290,1.0
28,148,1.0
28,92,1.0
28,216,1.0
28,586,1.0
28,422,1.0
28,593,1.0
28,102,1.0
28,386,1.5278094062968768
28,439,1.0
28,651,1.0
28,160,1.0
28,664,1.0
28,109,1.0
28,524,1.0
28,492,1.0
28,157,1.0
28,627,1.0
28,613,1.0
28,455,1.0
28,287,1.1021850184709554
28,487,1.0
28,170,1.0
28,636,1.0
28,149,1.0
28,292,1.0
28,298,1.0
28,414,1.1092961312991396
28,198,1.0
28,678,1.0
28,657,1.0
28,286,1.0
28,507,1.0
28,70,1.0
28,490,1.0
28,133,1.0
28,682,1.0
28,184,1.0
28,671,1.0
28,53,1.0
28,32,1.0
28,171,1.0
28,661,1.0
28,9,1.0
28,690,1.0
28,3,1.0
28,589,1.0
28,521,1.0
28,649,1.0
28,11,1.0
28,566,1.0
28,169,1.0
28,538,1.0
28,186,1.0
28,656,1.0
28,687,1.0
28,501,1.0
28,480,1.0
28,151,1.0
28,90,1.0
28,217,1.0
28,633,1.0
28,415,1.0
28,293,1.0
28,119,1.0
28,421,1.0
28,416,1.0
28,50,1.0
28,106,1.0
28,498,1.0
28,654,1.0
28,576,1.0
28,519,1.0
28,628,1.0
28,194,1.0
28,238,1.0
28,214,1.0
28,626,1.0
28,248,1.0
28,80,1.0
28,241,1.0
28,245,1.2130593852625722
28,246,1.0
28,449,1.0
28,448,1.0
28,258,1.0
28,88,1.8385506307161
28,192,1.0
28,684,1.0
28,107,1.0
28,458,1.0
28,433,1.0
28,208,1.0
28,527,1.0
28,573,1.0
28,526,1.0
28,484,1.0
28,172,1.0
28,673,1.0
28,218,1.0
28,536,1.0
28,642,1.0
28,653,1.0
28,55,1.0
28,496,1.0
28,99,1.0
28,504,1.0
28,545,1.0
28,568,1.0
28,543,1.0
28,47,1.0
28,605,1.0
28,135,1.0
28,300,1.0
28,301,1.0
28,223,1.0
28,680,1.0
28,604,1.0
28,606,1.0
28,408,1.0
28,212,1.0
28,33,1.0
28,639,1.0
28,18,1.0
28,423,1.0
28,285,1.0
28,418,1.0
28,161,1.0
28,17,1.0
28,655,1.0
28,446,1.0
28,401,1.0
28,407,1.0
28,464,1.0
28,432,1.0
28,599,1.0
28,8,1.0
28,412,1.0
28,670,1.0
28,600,1.0
28,611,1.0
28,152,1.0
28,48,1.0
28,0,1.0
28,665,1.0
28,445,1.0
28,156,1.0
28,280,1.0
28,470,1.0
28,143,1.0
28,69,1.0
36,259,1.0
36,654,1.0
36,656,1.0
36,240,1.0
36,32,1.0
36,637,1.0
36,601,1.0
36,264,1.0
36,241,1.0
36,245,1.0
36,505,1.0
46,65,1.0
53,159,1.0
53,135,1.0
53,147,1.0
54,241,1.0
54,245,1.0
54,243,1.0
54,247,1.0
54,244,1.0
54,540,1.0
56,167,1.0
56,464,1.0
56,581,1.0
56,124,1.0
56,164,1.0
56,293,1.0
56,143,1.0
56,695,1.0
56,675,1.0
56,614,1.0
56,28,1.0
56,135,1.0
56,524,1.0
56,243,1.0
56,258,1.0
56,576,1.0
56,290,1.0
56,682,1.0
56,69,1.0
56,420,1.0
56,664,1.0
56,18,1.0
56,493,1.0
86,455,1.0
86,8,1.0
86,287,1.0
86,581,1.0
86,124,1.0
86,237,1.0
86,290,1.0
86,11,1.0
86,169,1.0
86,186,1.0
86,682,1.0
86,472,1.0
86,513,1.0
86,53,1.0
86,608,1.0
86,171,1.0
86,661,1.0
86,9,1.0
86,454,1.0
86,222,1.0
86,570,1.0
86,209,1.0
86,199,1.0
86,649,1.0
86,157,1.0
86,647,1.0
86,258,1.0
86,88,1.0
86,634,1.0
86,34,1.0
86,439,1.0
86,425,1.0
86,135,1.0
86,621,1.0
86,3,1.0
86,589,1.0
86,521,1.0
86,117,1.0
86,201,1.0
86,613,1.0
86,208,1.0
86,0,1.0
86,576,1.0
86,631,1.0
86,44,1.0
86,17,1.0
86,238,1.0
86,480,1.0
86,491,1.0
86,415,1.0
86,119,1.0
86,416,1.0
86,69,1.0
86,103,1.0
86,694,1.0
86,484,1.0
86,675,1.0
86,292,1.0
86,614,1.0
86,198,1.0
86,573,1.0
86,99,1.0
86,678,1.0
86,28,1.0
86,293,1.0
86,270,1.0
86,271,1.0
86,128,1.0
86,241,1.0
86,245,1.0
86,243,1.0
86,247,1.0
86,192,1.0
86,149,1.0
86,408,1.0
86,450,1.0
86,143,1.0
86,658,1.0
86,165,1.0
86,134,1.0
86,645,1.0
86,600,1.0
86,146,1.0
86,184,1.0
86,536,1.0
86,148,1.0
86,92,1.0
86,24,1.0
86,97,1.0
86,56,1.0
86,272,1.0
86,273,1.0
86,648,1.0
86,283,1.0
86,284,1.0
86,609,1.0
86,414,1.0
86,294,1.0
86,211,1.0
86,458,1.0
86,681,1.0
86,90,1.0
86,259,1.0
86,599,1.0
86,264,1.0
86,632,1.0
86,594,1.0
86,404,1.0
86,87,1.0
86,571,1.0
86,446,1.0
87,33,1.0
87,526,1.0
87,650,1.0
87,157,1.0
87,250,1.0
87,251,1.0
87,109,1.0
87,688,1.0
87,104,1.0
87,248,1.0
87,242,1.0
87,508,1.0
87,98,1.0
87,259,1.0
87,468,1.0
87,97,1.0
87,656,1.0
87,484,1.0
87,194,1.0
87,555,1.0
87,229,1.0
87,238,1.0
87,493,1.0
87,682,1.0
87,184,1.0
87,589,1.0
87,521,1.0
87,492,1.0
87,519,1.0
87,472,1.0
87,513,1.0
87,443,1.0
87,79,1.0
87,594,1.0
87,65,1.0
87,613,1.0
87,663,1.0
87,415,1.0
87,450,1.0
87,293,1.0
87,416,1.0
87,195,1.0
87,71,1.0
87,603,1.0
87,40,1.0
87,145,1.0
87,503,1.0
87,602,1.0
87,107,1.0
87,8,1.0
87,56,1.0
87,616,1.0
87,37,1.0
87,155,1.0
87,410,1.0
87,675,1.0
87,496,1.0
87,678,1.0
87,657,1.0
87,294,1.0
87,546,1.0
87,455,1.0
87,684,1.0
87,268,1.0
87,412,1.0
87,230,1.0
87,287,1.0
87,124,1.0
87,487,1.0
87,237,1.0
87,465,1.0
87,505,1.0
87,147,1.0
87,690,1.0
87,620,1.0
87,289,1.0
87,550,1.0
87,3,1.0
87,517,1.0
87,489,1.0
87,584,1.0
87,463,1.0
87,191,1.0
87,201,1.0
87,435,1.0
87,27,1.0
87,600,1.0
87,152,1.0
87,282,1.0
87,48,1.0
87,666,1.0
87,0,1.0
87,696,1.0
87,697,1.0
87,586,1.0
87,422,1.0
87,419,1.0
87,102,1.0
87,267,1.0
87,539,1.0
87,523,1.0
87,94,1.0
87,438,1.0
87,607,1.0
87,158,1.0
87,260,1.0
87,278,1.0
87,408,1.0
87,44,1.0
87,52,1.0
87,467,1.0
87,17,1.0
87,655,1.0
87,121,1.0
87,592,1.0
87,172,1.0
87,446,1.0
87,401,1.0
87,239,1.0
87,149,1.0
87,292,1.0
87,614,1.0
87,262,1.0
87,215,1.0
87,456,1.0
87,84,1.0
87,83,1.0
87,414,1.0
87,198,1.0
87,286,1.0
87,507,1.0
87,213,1.0
87,691,1.0
87,197,1.0
87,28,1.0
87,39,1.0
87,95,1.0
87,291,1.0
87,222,1.0
87,570,1.0
87,418,1.0
87,93,1.0
87,683,1.0
87,440,1.0
87,583,1.0
87,679,1.0
87,128,1.0
87,80,1.0
87,136,1.0
87,150,1.0
87,647,1.0
87,449,1.0
87,283,1.0
87,284,1.0
87,258,1.0
87,88,1.0
87,494,1.0
87,609,1.0
87,551,1.0
87,192,1.0
87,481,1.0
87,634,1.0
87,676,1.0
87,595,1.0
87,212,1.0
87,108,1.0
87,100,1.0
87,423,1.0
87,285,1.0
87,87,1.0
87,571,1.0
87,649,1.0
87,501,1.0
87,211,1.0
87,23,1.0
87,525,1.0
87,458,1.0
87,480,1.0
87,151,1.0
87,115,1.0
87,491,1.0
87,681,1.0
87,452,1.0
87,142,1.0
87,90,1.0
87,288,1.0
87,497,1.0
87,63,1.0
87,160,1.0
87,13,1.0
87,485,1.0
87,532,1.0
87,263,1.0
87,425,1.0
87,617,1.0
87,47,1.0
87,135,1.0
87,591,1.0
87,469,1.0
87,34,1.0
87,144,1.0
87,19,1.0
87,261,1.0
87,685,1.0
87,11,1.0
87,24,1.0
87,153,1.0
87,445,1.0
87,169,1.0
87,538,1.0
87,123,1.0
87,186,1.0
87,51,1.0
87,240,1.0
87,103,1.0
87,693,1.0
87,146,1.0
87,482,1.0
87,488,1.0
87,694,1.0
87,533,1.0
87,680,1.0
87,531,1.0
87,281,1.0
87,687,1.0
87,89,1.0
87,133,1.0
87,457,1.0
87,671,1.0
87,665,1.0
87,110,1.0
87,137,1.0
87,667,1.0
87,439,1.0
87,163,1.0
87,672,1.0
87,86,1.0
87,627,1.0
87,413,1.0
87,540,1.0
87,119,1.0
87,143,1.0
87,421,1.0
87,658,1.0
87,431,1.0
87,165,1.0
87,185,1.0
87,50,1.0
87,134,1.0
87,29,1.0
87,692,1.0
87,486,1.0
87,131,1.0
87,53,1.0
87,32,1.0
87,534,1.0
87,608,1.0
87,612,1.0
87,171,1.0
87,661,1.0
87,167,1.0
87,432,1.0
87,264,1.0
87,45,1.0
87,9,1.0
87,454,1.0
87,77,1.0
87,651,1.0
87,434,1.0
87,588,1.0
87,686,1.0
87,536,1.0
87,510,1.0
87,111,1.0
87,290,1.0
87,148,1.0
87,515,1.0
87,483,1.0
87,92,1.0
87,216,1.0
87,590,1.0
87,677,1.0
87,460,1.0
87,424,1.0
87,70,1.0
87,625,1.0
87,420,1.0
87,209,1.0
87,502,1.0
87,96,1.0
87,527,1.0
87,645,1.0
87,199,1.0
87,110,1.0
87,49,1.0
87,653,1.0
87,670,1.0
87,12,1.0
87,208,1.0
87,495,1.0
87,46,1.0
87,85,1.0
87,524,1.0
87,599,1.0
87,511,1.0
87,673,1.0
87,648,1.0
87,556,1.0
87,624,1.0
87,619,1.0
87,633,1.0
87,621,1.0
87,170,1.0
87,181,1.0
87,231,1.0
87,42,1.0
87,270,1.0
87,632,1.0
87,206,1.0
87,479,1.0
91,275,1.0
91,238,1.0
91,135,1.0
91,271,1.0
91,172,1.0
91,272,1.0
91,273,1.0
91,147,1.0
91,131,1.0
91,639,1.0
91,424,1.0
92,425,1.0
92,605,1.0
92,135,1.0
92,493,1.0
92,133,1.0
92,184,1.0
92,665,2.551295211306807
92,472,1.0
92,513,1.0
92,53,1.0
92,32,1.0
92,608,1.0
92,67,1.0
92,612,1.0
92,171,1.0
92,601,1.0
92,167,1.0
92,599,1.0
92,632,1.0
92,630,1.0
92,505,1.0
92,690,1.0
92,620,1.0
92,550,1.0
92,3,2.066277513338568
92,517,1.0
92,589,1.0
92,584,1.0
92,117,1.0
92,248,1.0
92,514,1.0
92,247,1.0
92,647,1.0
92,283,1.0
92,284,1.0
92,249,1.0
92,88,1.0
92,551,1.0
92,634,1.0
92,595,2.818845586903613
92,44,1.0
92,194,1.0
92,555,1.0
92,113,2.4985754590880727
92,172,1.0
92,42,1.0
92,446,1.0
92,401,1.332960560171727
92,413,1.0
92,540,1.0
92,415,1.0
92,143,1.0
92,421,1.0
92,416,1.0
92,431,1.0
92,185,1.0
92,50,1.0
92,134,1.0
92,195,1.0
92,576,1.0
92,628,1.0
92,460,1.0
92,501,1.0
92,405,1.0
92,115,1.0
92,491,1.0
92,239,1.0
92,410,1.0
92,675,1.0
92,149,1.0
92,614,1.0
92,262,1.0
92,84,1.0
92,198,1.0
92,650,1.0
92,213,1.0
92,691,1.0
92,197,2.435070570970105
92,28,1.0
92,34,1.0
92,170,1.0068833105302712
92,8,1.0
92,56,1.0
92,272,1.0
92,287,1.0
92,124,1.0
92,237,1.0
92,25,1.0
92,11,2.110336034890363
92,156,1.0
92,169,1.0
92,674,1.0
92,103,1.0
92,693,1.0
92,488,1.0
92,223,1.0
92,420,1.0
92,667,1.0
92,163,1.0
92,191,1.0
92,65,1.0
92,201,1.0
92,429,1.0
92,670,1.0
92,27,1.0
92,600,1.0
92,613,1.0
92,208,1.0
92,666,1.0
92,663,1.0
92,291,1.0
92,570,1.0
92,418,1.0
92,93,1.0
92,683,1.0
92,583,1.0
92,400,1.0
92,602,1.063159176918696
92,510,1.0
92,111,1.0
92,290,1.0
92,653,1.0
92,92,1.0
92,216,1.0
92,212,1.0
92,33,1.0
92,285,1.0
92,571,1.0
92,593,1.0
92,231,1.0
92,408,1.0
92,660,2.0841935398743816
92,435,1.0
92,12,1.0
92,447,1.0
92,433,1.0
92,48,1.0
92,0,1.0
92,109,1.0
92,300,1.20046703028469
92,299,1.0
92,406,1.0
92,412,1.0
92,487,1.91842514043794
92,18,1.0
92,423,1.0
92,87,1.0
92,293,1.0
92,119,1.0
92,527,1.0
92,214,1.0
92,150,1.0
92,598,1.0
92,244,1.0
92,494,1.0
92,30,1.0
92,98,1.0
92,497,1.0
92,63,1.0
92,464,1.0
92,160,1.0
92,13,1.0
92,664,1.0
92,78,1.0
92,532,1.0
92,263,1.0
92,468,1.0
92,144,1.0
92,206,1.0
92,458,1.0
92,177,1.0
92,90,1.0
92,298,1.0
92,99,1.0
92,678,1.0
92,507,1.0
92,70,1.0
92,294,1.0
92,26,1.0
92,39,1.0
92,95,1.0
92,422,1.0
92,102,1.0
92,127,1.0
92,158,1.0
92,685,1.4646220648780657
92,24,1.0
92,566,1.0
92,280,1.0
92,186,1.0
92,17,1.0
92,655,1.0
92,121,1.0
92,183,1.9023674028172723
92,592,1.0
92,459,1.0
92,533,1.0
92,162,1.0
92,484,1.0
92,680,1.0
92,536,1.0
92,515,1.0
92,222,1.0
92,218,1.0
92,81,1.0
92,399,1.0
92,635,4.991315112553028
92,107,1.0
92,49,1.586377066535383
92,147,1.0
92,289,1.0
92,461,1.0
92,264,1.0
92,157,1.0
92,556,1.0
92,424,1.0
92,221,1.0
92,644,1.0
92,682,1.0
92,437,1.0
92,40,1.0
92,679,1.0
92,55,1.0
92,545,1.0
92,62,1.0
92,454,1.0
92,648,1.0
92,243,1.0
92,192,1.0
92,481,1.0
92,694,1.0
92,296,1.0
92,69,1.0
92,165,1.0
92,645,1.0
92,502,1.0
92,625,1.0
92,5,1.0
92,568,1.0
92,175,1.0
92,465,1.0
92,409,1.0
92,131,1.0
92,661,1.0
92,535,1.0
92,136,1.0
92,671,1.0
92,273,1.0
92,269,1.0
92,525,1.0
102,291,1.0
102,107,1.0
102,505,1.0
102,3,1.0
102,589,1.0
102,584,1.0
102,117,1.0
102,685,1.0
102,169,1.0
102,97,1.0
102,240,1.0
102,600,1.0
102,613,1.0
102,282,1.0
102,472,1.0
102,526,1.0
102,32,1.0
102,637,1.0
102,264,1.0
102,632,1.0
102,138,1.0
102,259,1.0
102,422,1.0
102,523,1.0
102,135,1.0
102,693,1.0
102,298,1.0
102,84,1.0
102,496,1.0
102,198,1.0
102,650,1.0
102,541,1.0
102,99,1.0
102,678,1.0
102,504,1.0
102,95,1.0
102,63,1.0
102,502,1.0
102,13,1.0
102,664,1.0
102,532,1.0
102,263,1.0
102,44,1.0
102,655,1.0
102,172,1.0
102,238,1.0
102,137,1.0
102,540,1.0
102,134,1.0
102,654,1.0
102,100,1.0
102,285,1.0
102,649,1.0
102,477,1.0
102,478,1.0
102,510,1.0
102,642,1.0
102,150,1.0
102,241,1.0
102,245,1.0
102,243,1.0
102,246,1.0
102,247,1.0
102,244,1.0
102,242,1.0
102,647,1.0
102,508,1.0
102,551,1.0
102,676,1.0
102,595,1.0
102,455,1.0
102,124,1.0
102,237,1.0
102,501,1.0
102,405,1.0
102,688,1.0
107,100,1.0
107,566,1.0
107,500,1.0
107,288,1.0
107,160,1.0
107,185,1.0
107,654,1.0
107,564,1.0
107,30,1.0
107,289,1.0
107,94,1.0
107,239,1.0
107,410,1.0
107,510,1.0
107,663,1.0
107,192,1.0
115,514,1.0
115,80,1.0
115,136,1.0
115,150,1.0
115,598,1.0
115,241,1.0
115,245,1.0
115,243,1.0
115,247,1.0
115,647,1.0
115,449,1.0
115,448,1.0
115,284,1.0
115,508,1.0
115,249,1.0
115,258,1.0
115,88,1.0
115,494,1.0
115,609,1.0
115,481,1.0
115,634,1.0
115,98,1.0
115,595,1.0
115,425,1.0
115,109,1.0
115,47,2.0697922092951173
115,605,1.0
115,135,1.0
115,299,1.0
115,492,1.0
115,493,1.0
115,564,1.0
115,133,1.0
115,457,1.0
115,682,1.0
115,38,1.0
115,671,1.0
115,665,1.0
115,110,1.0
115,110,1.0
115,345,1.0
115,11,1.0
115,24,1.0
115,169,1.0
115,97,1.0
115,186,1.0
115,500,1.0
115,674,1.0
115,240,1.0
115,181,1.7062245799700986
115,630,1.0
115,505,1.0
115,49,1.0
115,147,1.0
115,690,1.0
115,620,1.0
115,550,1.0
115,521,1.0
115,117,1.0
115,463,1.0
115,586,1.0
115,182,1.0
115,102,1.0
115,523,1.0
115,606,1.0
115,231,1.0
115,438,1.4405111624682074
115,607,1.0
115,108,1.0
115,423,1.0
115,87,1.0
115,571,1.0
115,649,1.0
115,501,1.0
115,405,1.0
115,688,1.0
115,211,1.0
115,23,1.0
115,525,1.0
115,458,1.0
115,104,1.0
115,58,1.0
115,151,1.0
115,115,1.0
115,452,1.0
115,142,1.0
115,177,1.0
115,409,1.0
115,288,1.0
115,497,1.0
115,660,1.0
115,464,1.0
115,502,1.0
115,160,1.0
115,155,1.0
115,485,1.0
115,232,1.381663918564552
115,44,1.0
115,467,1.0
115,129,1.0
115,66,1.0
115,555,1.0
115,229,1.0
115,592,1.0
115,459,1.117190265186189
115,42,1.0
115,401,1.0
115,238,1.0
115,651,1.0
115,686,1.0
115,513,1.0
115,53,1.0
115,526,1.0
115,7,1.0
115,534,1.0
115,608,1.0
115,637,1.0
115,67,1.0
115,612,1.0
115,443,1.0
115,167,1.0
115,264,1.0
115,632,1.0
115,594,1.0
115,9,1.0
115,454,1.0
115,77,1.0
115,239,1.0
115,410,1.0
115,638,1.0
115,55,1.0
115,675,1.0
115,149,1.0
115,292,1.0
115,262,1.0
115,298,1.0
115,456,1.0
115,84,1.0
115,224,1.0
115,83,1.0
115,189,1.0
115,414,1.0
115,297,1.0
115,99,1.0
115,678,1.0
115,657,1.0
115,178,1.0
115,507,1.0
115,70,1.0
115,579,1.0
115,545,1.0
115,159,1.0
115,518,1.0
115,490,1.0
115,28,1.0
115,39,1.0
115,96,1.0
115,413,1.0
115,217,1.0
115,154,1.0
115,540,1.0
115,415,1.0
115,450,1.0
115,293,1.0
115,119,1.0
115,296,1.0
115,416,1.0
115,658,1.0
115,69,1.0
115,431,1.0
115,527,1.0
115,185,1.0
115,50,1.0
115,645,1.0
115,106,1.0
115,29,1.0
115,692,1.0
115,576,1.0
115,519,1.0
115,628,1.0
115,193,1.0
115,462,1.0
115,677,1.0
115,460,1.0
115,65,1.0
115,201,1.0
115,435,1.0
115,646,1.0
115,27,1.0
115,433,1.0
115,613,1.0
115,208,1.0
115,48,1.0
115,666,1.0
115,663,1.0
115,0,1.0
115,8,1.0
115,406,1.0
115,271,1.0
115,272,1.0
115,273,1.0
115,412,1.0
115,230,1.0
115,287,1.0
115,610,1.0
115,124,1.0
115,259,1.0
115,157,1.0
115,542,1.0
115,437,1.0
115,34,1.0
115,144,1.0
115,170,1.0
115,570,1.0
115,418,1.0
115,683,1.0
115,40,1.0
115,161,1.0
115,583,1.0
115,218,1.0
115,81,1.0
115,364,1.0
115,352,1.0
115,145,1.0
115,679,1.0
115,209,1.0
115,577,1.0
115,536,1.0
115,510,1.0
115,629,1.0
115,453,1.0
115,92,1.0
115,205,1.0
115,103,1.0
115,488,1.0
115,694,1.0
115,223,1.0
115,420,1.0
115,533,1.0
115,484,1.0
115,680,1.0
115,531,1.0
115,687,1.0
115,439,1.0
115,37,1.0
115,263,1.0
115,455,1.0
115,270,1.0
115,581,1.0
115,617,1.0
115,693,1.0
115,146,1.0
115,482,1.0
115,93,1.0
115,353,1.0
115,365,1.0
115,503,1.0
115,107,1.0
115,689,1.0
115,421,1.0
115,165,1.0
115,134,1.0
115,603,1.0
115,695,1.0
115,486,1.0
115,419,1.0
115,158,1.0
115,480,1.0
115,491,1.0
115,589,1.0
115,584,1.0
115,472,1.0354598222634226
115,171,1.0
115,601,1.0
115,661,1.0
115,285,1.0
115,655,1.0
115,446,1.0
115,636,1.0
115,614,1.0
115,436,1.0
115,496,1.0
115,573,1.0
115,294,1.0
115,213,1.0
115,546,1.0
115,95,1.0
115,611,1.0
115,619,1.0
115,25,1.0
115,51,1.0
115,648,1.0
115,246,1.0
115,283,1.0
115,173,1.0
115,163,1.0
115,424,1.0
115,642,1.0
115,148,1.0
115,483,1.0
115,444,1.0
115,216,1.0
115,192,1.0
115,621,1.0
115,530,1.0
115,267,1.0
115,222,1.215752075707948
115,128,1.0
115,289,1.0
115,681,3.675551752947602
115,468,1.0
115,33,1.0
115,184,1.0
115,261,1.0
115,194,1.0
115,599,1.0
115,143,1.0
115,639,1.0
115,604,1.0
115,652,1.0
115,166,1.0
115,3,1.0
115,137,1.0
115,539,1.0
115,538,1.0
115,556,1.0
115,86,1.0
115,17,1.0
115,121,1.0
115,89,1.0
115,46,1.0
115,600,1.0
116,124,1.0
121,171,1.0
121,681,1.0
134,155,1.0
134,184,1.0
134,501,1.0
134,97,1.0
134,186,1.0
148,477,1.0
148,478,1.0
149,107,1.0
149,290,1.0
149,647,1.0
149,624,1.0
149,613,1.0
149,3,1.0
149,117,1.0
149,44,1.0
149,586,1.0
149,119,1.0
149,134,1.0
149,485,1.0
149,149,1.0
149,573,1.0
149,28,1.0
150,431,1.0
150,238,1.0
150,241,1.0
150,245,1.0
150,243,1.0
150,246,1.0
150,247,1.0
150,244,1.0
150,647,1.0
150,283,1.0
150,284,1.0
150,124,1.0
150,135,1.0
150,632,1.0
150,45,1.0
150,416,1.0
150,134,1.0
150,695,1.0
150,191,1.0
150,0,1.0
150,484,1.0
150,259,1.0
150,570,1.0
150,642,1.0
150,148,1.0
150,515,1.0
150,216,1.0
150,239,1.0
150,410,1.0
150,149,1.6183211644740156
150,292,1.0
150,678,1.0732134193369312
150,159,1.0
150,240,1.0
150,458,1.0
150,480,1.0
150,151,1.0
150,115,1.0
150,117,1.0
150,138,1.0
150,682,1.0
152,133,1.0
152,682,1.0
152,184,1.0
152,665,1.0
152,110,1.0
152,110,1.0
152,651,1.0
152,259,1.0
152,482,1.0
152,488,1.0
152,694,1.0
152,484,1.0
152,570,1.0
152,93,1.0
152,683,1.0
152,209,1.0
152,472,1.0
152,526,1.0
152,608,1.0
152,461,1.0
152,637,1.0
152,171,1.0
152,601,1.0
152,632,1.0
152,590,1.0
152,155,1.0
152,638,1.0
152,149,1.0
152,292,1.0
152,614,1.0
152,262,1.0
152,83,1.0
152,414,1.0
152,99,1.0
152,678,1.0
152,28,1.0
152,11,1.0
152,566,1.0
152,169,1.0
152,97,1.0
152,123,1.0
152,186,1.0
152,656,1.0
152,240,1.0
152,109,1.0
152,135,1.0
152,591,1.0
152,586,1.0
152,158,1.0
152,540,1.0
152,415,1.0
152,293,1.0
152,119,1.0
152,143,1.0
152,416,1.0
152,431,1.0
152,165,1.0
152,185,1.0
152,134,1.0
152,645,1.0
152,137,1.0
152,510,1.0
152,642,1.0
152,148,1.0
152,515,1.0
152,483,1.0
152,600,1.0
152,613,1.0
152,208,1.0
152,152,1.0
152,663,1.0
152,0,1.0
152,44,1.0
152,229,1.0
152,42,1.0
152,446,1.0
152,501,1.0
152,211,1.0
152,458,1.0
152,151,1.0
152,150,1.0
152,241,1.0
152,245,1.0
152,243,1.0
152,247,1.0
152,647,1.0
152,283,1.0
152,284,1.0
152,258,1.0
152,88,1.0
152,54,1.0
152,192,1.0
152,98,1.0
152,147,1.0
152,289,1.0
152,3,1.0
152,517,1.0
152,521,1.0
152,117,1.0
152,8,1.0
152,56,1.0
152,230,1.0
152,124,1.0
152,487,1.0
153,194,1.0
153,431,1.0
153,50,1.0
153,583,1.0
153,685,1.0
153,285,1.0
153,149,1.0
153,614,1.0
153,99,1.0
153,678,1.0
153,472,1.0
153,608,1.0
153,109,1.0
153,135,1.0
153,86,1.0
153,505,1.0
153,117,1.0
153,208,1.0
153,0,1.0
153,647,1.0
153,595,1.0
153,564,1.0
153,216,1.0
153,231,1.0
153,260,1.0
153,500,1.0
153,259,1.0
153,586,1.0
155,291,1.0
155,145,1.0
155,400,1.0
155,209,1.0
155,107,1.0
155,239,1.0
155,410,1.0
155,638,1.0
155,55,1.0
155,675,1.0025281940219064
155,614,1.0
155,198,1.0
155,99,1.0
155,678,1.0
155,657,1.0
155,691,1.0
155,647,1.0
155,283,3.028705194004788
155,284,3.0038294996898807
155,508,1.0
155,258,1.0
155,158,1.0
155,693,1.0
155,482,1.0
155,694,1.0
155,458,1.0
155,151,1.0
155,491,1.0
155,142,1.0
155,425,1.0
155,524,1.0
155,591,1.0
155,469,1.0
155,191,1.0
155,201,1.0
155,639,1.0
155,649,1.0
155,290,1.0
155,92,1.0
155,44,1.0
155,467,1.0
155,121,1.0
155,238,1.0
155,169,1.0
155,538,1.0
155,97,1.0
155,123,1.0
155,186,1.0
155,288,1.0
155,160,1.0
155,155,1.0
155,671,1.0
155,8,1.0
155,287,1.0
155,581,1.5314311758261985
155,124,1.0
155,472,1.0
155,171,1.0
155,9,1.0
155,259,1.0
155,117,1.0
155,413,1.0
155,540,1.0
155,415,2.141688555154074
155,293,4.455426967340821
155,143,1.6358584578248123
155,421,1.0
155,416,1.0
155,658,1.0
155,652,1.0
155,165,1.0
155,134,1.0
155,439,1.0
155,672,1.0
155,3,1.0
155,589,1.0
155,496,1.0
155,83,1.0
155,414,1.8840530023386952
155,32,1.0
155,608,1.0
155,601,1.0
155,632,1.0
155,222,1.0
155,683,1.0
155,586,1.0
155,422,1.0
155,435,1.0
155,245,1.0
155,88,1.0
155,69,1.0
155,610,1.0
155,631,1.0
155,485,1.0
155,138,1.0
155,133,1.0
155,682,1.0
155,110,1.0
155,216,1.0
155,135,1.0
155,571,1.0
155,52,1.0
155,536,1.0
155,298,1.0
156,108,1.0
156,586,1.0
156,607,1.0
156,158,1.0
156,161,1.0
156,503,1.0
156,107,1.0
156,44,1.0
156,194,1.0
156,446,1.0
156,19,1.0
156,292,1.0
156,496,1.0
156,414,1.0
156,650,1.0
156,678,1.0
156,657,1.0
156,504,1.0
156,579,1.0
156,85,1.0
156,135,1.0
156,492,1.0
156,536,1.0
156,216,1.0
156,405,1.0
156,211,1.0
156,458,1.0
156,465,1.0
156,289,1.0
156,3,1.0
156,589,1.0
156,521,1.0
156,117,1.0
156,214,1.0
156,283,1.0
156,284,1.0
156,30,1.0
156,455,1.0
156,53,1.0
156,32,1.0
156,601,1.0
156,169,1.0
156,240,1.0
156,259,1.0
156,293,1.0
156,296,1.0
156,134,1.0
156,695,1.0
156,486,1.0
156,485,1.0
156,201,1.0
156,646,1.0
156,600,1.0
156,613,1.0
156,208,1.0
156,663,1.0
157,3,1.0
157,108,1.0
157,87,1.0
157,415,1.0
157,293,1.0
157,695,1.0
157,501,1.0
157,151,1.0
157,455,1.0
157,8,1.3872998636413345
157,646,1.0
157,642,1.0
157,292,1.0
157,496,1.0
157,99,1.0
157,657,1.0
157,682,1.2106273962790115
157,93,1.0
157,485,1.0
157,240,1.0
157,467,1.0
157,601,1.0
157,109,1.0
157,586,1.0
159,523,1.0
160,671,1.0
163,44,1.0
163,477,1.0
163,478,1.0
163,241,1.0
163,245,1.0
163,464,1.0
163,589,1.0
163,521,1.0
163,186,1.0
163,8,1.0
163,28,1.0
163,201,1.0
163,613,1.0
163,258,1.0
163,425,1.0
163,576,1.0
163,570,1.0
163,209,1.0
163,270,1.0
163,271,1.0
163,272,1.0
163,124,1.0
163,237,1.0
163,133,1.0
163,682,1.0
163,435,1.0
163,670,1.0
163,663,1.0
163,0,1.0
163,117,1.0
163,523,1.0
163,424,1.0
163,103,1.0
163,693,1.0
163,146,1.0
163,614,1.0
163,198,1.0
163,678,1.0
163,507,1.0
163,290,1.0
163,472,1.0
163,608,1.0
163,171,1.0
163,661,1.0
163,9,1.0
163,454,1.0
163,17,1.0
163,172,1.0
163,238,1.0
163,119,1.0
163,195,1.0
163,433,1.0
163,34,1.0
163,156,1.0
163,280,1.0
163,655,1.0
163,490,1.0
163,480,1.0
163,170,1.0
163,143,1.0
163,18,1.0
163,407,1.0
163,675,1.0
163,573,1.0
163,149,1.0
163,93,1.0
163,273,1.0
163,616,1.0
168,156,1.0
168,630,1.0
168,589,1.0
168,237,1.0
168,143,1.0
168,150,1.0
168,681,1.0
168,613,1.0
168,92,1.0
169,169,1.0
169,405,1.0
169,87,1.0
169,83,1.0
170,564,1.0
170,138,1.0
170,457,1.0
170,682,1.0
170,184,1.0
170,665,1.0
170,108,1.0
170,285,1.0
170,649,1.0
170,170,1.0
170,576,1.0
170,536,1.0
170,510,1.0
170,642,1.0
170,216,1.0
170,455,1.0
170,8,1.0
170,570,1.0
170,683,1.0
170,583,1.0
170,503,1.0
170,107,1.0
170,505,1.0
170,3,1.0
170,521,1.0
170,489,1.0
170,584,1.0
170,117,1.0
170,405,1.0
170,23,1.0
170,458,1.0
170,115,1.0
170,624,2.7451339538255137
170,201,1.0
170,646,1.0
170,27,1.0
170,600,1.0
170,611,1.0
170,613,1.0
170,208,1.0
170,282,1.0
170,663,1.0
170,0,1.0
170,63,1.0
170,664,1.0
170,532,1.0
170,263,1.0
170,685,1.0
170,240,1.0
170,238,1.0
170,415,1.0
170,431,1.0
170,134,1.0
170,654,1.0
170,486,1.0
170,150,1.0
170,241,1.0
170,245,1.0
170,246,1.0
170,247,1.0
170,244,1.0
170,242,1.0
170,647,1.0
170,284,1.0
170,88,1.0
170,675,1.0
170,292,1.0
170,262,1.0
170,496,1.0
170,83,1.0
170,541,1.0
170,99,1.0
170,678,1.0
170,425,1.0
170,109,1.0
170,85,1.0
170,135,1.0
170,621,1.0
170,693,1.0
170,482,1.0
170,484,1.0
170,86,1.0
170,157,1.0
170,32,1.0
170,608,1.0
170,461,1.0
170,661,1.0
170,167,1.0
171,613,1.0
172,523,1.0
172,108,1.0
172,247,1.0
172,521,1.0
172,99,1.0
172,135,1.0
172,621,1.0
172,117,1.0
172,535,1.0
172,455,1.0
173,63,1.0
173,540,1.0
173,119,1.0
173,431,1.0
173,142,1.0
173,683,1.0
173,583,1.0
173,135,1.0
173,290,1.0
186,675,1.0
186,436,1.0
186,198,1.0
186,573,1.0
186,678,1.0
186,507,1.0
186,28,1.0
186,34,1.3007792676440255
186,170,1.0
186,639,1.0
186,18,1.0
186,425,1.0
186,135,1.0
186,472,1.0
186,53,1.0
186,461,1.0
186,661,1.0
186,290,1.0
186,664,1.0
186,103,1.0
186,693,1.0
186,488,1.0
186,420,1.0
186,44,1.6633209356854717
186,157,1.0
186,670,1.0
186,433,1.0
186,613,1.0
186,663,1.0
186,0,1.0
186,576,1.0
186,631,1.0
186,628,1.0
186,480,1.0
186,491,1.0
186,133,1.0
186,93,1.0
186,400,1.0
186,11,1.0
186,156,1.0
186,186,1.0
186,293,1.0
186,119,1.0
186,143,1.0
186,69,1.0
186,165,1.0
186,50,2.917464730723436
186,195,1.0
186,455,1.0
186,270,1.0
186,581,1.0
186,237,1.0
186,3,1.0
186,589,1.0
186,521,1.0
186,117,1.0
186,214,1.0
186,552,1.0
186,258,1.0
186,88,1.0
186,634,1.0
186,127,2.075846710708204
186,24,1.0
186,524,1.0
186,424,1.0
186,515,1.0
186,102,1.0
186,440,1.0
186,218,1.0
186,107,1.0
186,9,1.0
186,48,1.0
186,246,1.0
186,284,1.0
186,464,1.0
186,160,1.0
186,212,1.0
186,614,1.0
186,568,1.0
186,17,1.0
186,655,1.0
186,183,1.0
186,172,1.135237290612125
186,446,1.0
186,401,1.0
187,167,1.0
188,156,1.0
188,488,1.0
189,501,1.0
189,115,1.0
189,90,1.0
189,682,1.0
189,110,1.0
189,110,1.0
189,536,1.0
189,683,1.0
189,3,1.0
189,488,1.0
189,241,1.0
189,245,1.0
189,243,1.0
189,647,1.0
189,102,1.0
189,149,1.0
189,292,1.0
189,496,1.0
189,159,1.0
189,415,1.0
189,143,1.0
189,416,1.0
189,425,1.0
189,135,1.0
189,44,1.0
189,639,1.0
189,87,1.0
189,608,1.0
189,9,1.0
189,454,1.0
189,8,1.0
190,613,1.0
190,8,1.0
190,3,1.0
190,570,1.0
190,583,1.0
190,415,1.0
190,149,1.0
190,44,1.0
190,501,1.0
190,151,1.0
190,135,1.0
190,186,1.0
191,477,1.0
191,478,1.0
192,133,1.0
192,422,1.0
192,564,1.0
192,134,1.0
192,194,1.0
192,613,1.0
192,167,1.0
192,157,1.0
192,690,1.0
192,620,1.0
192,503,1.0
194,65,1.0
194,670,1.0
194,600,1.0
194,613,1.0
194,693,1.0
194,488,1.0
194,147,1.0
194,289,1.0
194,589,1.0
194,117,1.0
194,455,1.0
194,237,1.0
194,291,1.0
194,683,1.0
194,194,1.0
194,507,1.0
194,490,1.0
194,214,1.0
194,647,1.0
194,609,1.0
194,98,1.0
194,157,1.0397457201750706
194,523,1.6104328834848942
194,158,1.0
194,621,1.0
202,124,1.0
202,99,1.0
202,56,1.0
202,540,1.0
203,613,1.0
203,135,1.0
203,477,1.0
203,478,1.0
205,238,1.0
206,147,1.0
209,32,1.0
209,608,1.0
209,632,1.0
209,454,1.0
209,655,1.0
209,135,1.0
209,259,1.0
209,240,1.0
209,83,1.0
209,642,1.0
209,143,1.0
210,431,1.0
210,89,1.0
210,201,1.0
210,433,1.0
210,613,1.0
210,282,1.0
210,598,1.0
210,30,1.0
210,131,1.0
210,103,1.0
210,419,1.0
210,630,1.0
210,505,1.0
210,550,1.0
210,40,1.0
210,81,1.0
212,613,1.0
215,583,1.0
215,431,1.0
215,185,1.0
215,613,1.0
216,109,1.0
216,135,1.0
216,642,1.0
216,148,1.0
216,87,1.0
216,11,1.0
216,97,1.0
216,186,1.0
216,240,1.0
216,137,1.0
216,672,1.0
216,590,1.0
216,472,1.0
216,32,1.0
216,608,1.0
216,264,1.0
216,9,1.0
216,683,1.0
216,583,1.0
216,682,1.0
216,184,1.0
216,671,1.0
216,241,1.0
216,245,1.0
216,283,1.0
216,284,1.0
216,508,1.0
216,488,1.0
216,680,1.0
216,281,2.0118293174898767
216,124,1.0
216,262,1.0
216,83,1.0
216,414,1.0
216,99,1.0
216,678,1.0
216,28,1.0
216,172,1.0
216,501,1.0
216,151,1.0
216,90,1.0
216,259,1.0
216,117,1.0
216,540,1.0
216,415,1.0
216,143,1.0
216,416,1.0
216,165,1.0
216,185,1.0
216,134,1.0
216,29,1.0
216,654,1.0
216,486,3.143962225933535
216,191,1.0
216,586,1.0
216,102,1.0
216,609,1.9537613185463607
237,613,1.0
237,246,1.0
238,238,1.0
238,408,1.0
238,693,1.0
238,487,1.0
238,192,1.0
238,84,1.0
238,650,1.0
238,28,1.0
240,281,1.0
240,135,1.0
240,472,1.0
240,608,1.0
240,9,1.0
240,540,1.0
240,293,1.0
240,143,1.0
240,8,1.0
240,405,1.0
240,151,1.0
240,671,1.0
240,649,1.0
240,0,1.0
240,239,1.0
240,410,1.0
240,149,1.0
240,678,1.744761349363795
240,294,1.0
266,11,1.0
266,169,1.0
266,649,1.0
266,683,1.0
266,678,1.0
266,490,1.0
266,165,1.0
266,290,1.0
266,199,1.0
266,121,1.0
266,194,1.0
266,633,1.0
268,513,1.0
268,53,1.0
268,32,1.0
268,169,1.0
268,240,1.0
268,8,1.0
268,124,1.0
268,135,1.0
268,683,1.0
268,3,1.0
268,521,1.0
268,613,1.0
268,405,1.0
268,115,1.0
268,609,1.0
268,675,1.0
268,414,1.0
268,99,1.0
268,678,1.0
268,261,1.0
268,108,1.0
268,649,1.0
268,642,1.0
268,540,1.0
268,143,1.0
268,431,1.0
268,185,1.0
268,134,1.0
270,570,1.0
270,195,1.0
270,106,1.0
270,239,1.0
270,410,1.0
270,149,1.0
270,632,1.0
270,148,1.0
270,135,1.0
272,523,1.0
272,460,1.0
272,241,1.0
272,284,1.0
272,425,1.0
272,135,1.0
272,591,1.0
272,505,1.0
272,289,1.0
272,517,1.0
272,521,1.0
272,259,1.0
272,78,1.0
272,435,1.0
272,646,1.0
272,600,1.0
272,611,1.0
272,613,1.0
272,663,1.0
272,694,1.0
272,143,1.0
272,185,1.0
272,134,1.0
272,486,1.0
272,480,1.0
272,32,1.0
272,637,1.0
272,601,1.0
272,264,1.0
272,149,1.0
272,292,1.0
272,83,1.0
272,541,1.0
272,240,1.0
272,683,1.0
272,642,1.0
272,148,1.0
272,515,1.0
272,216,1.0
272,571,1.0
272,649,1.0
273,406,1.0
274,156,1.0
274,280,1.0
274,477,1.0
274,478,1.0
274,194,1.0
274,446,1.0
274,465,1.0
274,630,1.0
274,49,1.0
274,289,1.0
274,270,1.0
274,271,1.0
274,272,1.0
274,273,1.0
274,602,1.0
274,405,1.0
274,464,1.0
276,405,1.0
276,151,1.0
276,48,1.0
276,488,1.0
281,143,1.0
281,287,1.0
281,103,1.0
281,259,1.0
289,484,1.0
289,298,1.0
289,42,1.0
411,523,1.0
414,293,6.449739605413131
414,119,4.551449020694863
414,195,1.0
414,198,1.0
414,507,1.0
414,490,1.0
414,28,2.9882537929745427
414,682,1.0
414,214,1.0
414,647,1.0
414,88,1.5135473739336345
414,480,1.0576340669509
414,664,1.0
414,683,1.0
414,11,1.0
414,536,1.0
414,290,1.0
414,3,1.0
414,521,1.207855606075809
414,117,1.0
414,513,3.7133573059527225
414,608,1.1424867736051456
414,661,1.0
414,454,1.0
414,201,2.0972518749132645
414,613,1.0
414,0,1.0
414,157,1.0
414,94,1.0
414,425,1.0
414,455,1.4283661925408282
414,103,1.039393610849137
414,488,1.0
414,694,1.0
414,420,1.0
414,484,1.0
414,424,1.0
414,468,1.0
414,212,1.0
414,670,1.0
414,29,1.0
414,433,1.0
414,172,1.0
414,693,1.0
414,492,1.0
414,208,1.0
414,508,1.0
414,611,1.0
414,169,1.0
414,135,1.0
414,586,1.0
414,158,1.0
414,619,1.0
414,259,1.3735086049668217
414,510,1.0
414,479,1.0
414,409,1.0
414,243,1.0
414,98,1.9488156036204352
414,284,4.544691489576333
414,624,1.0
414,469,1.0
414,9,3.2879410760821384
414,107,1.0
414,541,1.0
414,56,1.0
415,290,1.0
415,157,1.0
415,415,1.0
415,647,1.0
415,201,1.0
415,595,1.0
415,459,1.0
415,289,1.0
415,185,1.3875831382578572
415,109,1.9031595820147689
415,492,3.685663470550728
416,521,1.0
416,407,1.0
416,673,1.2289468285674048
416,17,1.0
416,183,1.0
416,667,1.0
416,157,1.0
416,685,1.0
416,156,1.0
416,400,1.0
416,464,1.0
416,160,1.0
416,664,1.0
416,424,1.0
416,133,1.0
416,665,1.0
416,480,1.0
416,11,1.0
416,169,1.0
416,186,1.0
416,472,1.0
416,513,1.3844276752280131
416,53,1.0
416,608,1.1385117843888652
416,171,1.0
416,661,1.0
416,264,1.0
416,454,1.0
416,34,2.8462423142933573
416,170,1.0
416,212,4.65892082241111
416,33,1.4002361357295878
416,639,1.0
416,18,1.0
416,423,1.0
416,649,1.0
416,415,1.0
416,293,1.0
416,119,1.0
416,416,1.0
416,69,1.0
416,165,1.0
416,185,1.5134545263616876
416,50,1.0
416,195,1.0
416,29,1.0
416,675,1.0
416,198,1.0
416,573,1.0
416,99,1.0
416,678,1.0
416,507,1.0
416,294,3.943982792121997
416,546,1.0
416,159,1.0
416,197,1.0
416,28,1.0
416,576,2.868970175258699
416,628,1.0
416,290,1.0
416,92,1.0
416,455,2.219064049431144
416,8,1.0
416,287,1.0
416,237,1.0
416,214,1.0
416,626,1.0
416,241,1.0
416,245,1.0
416,246,1.0
416,647,1.0
416,258,1.0
416,88,1.0
416,192,1.0
416,634,1.132267408757906
416,201,1.0
416,670,2.77909274564161
416,433,1.0
416,613,1.0
416,208,1.0
416,663,1.0
416,0,1.0
416,44,2.1714210877210505
416,194,2.318984970423508
416,172,1.0
416,401,1.0
416,238,1.0
416,683,1.0
416,440,1.0
416,583,1.0
416,218,1.0
416,402,1.0
416,690,1.0
416,620,1.0
416,3,1.0
416,589,1.0
416,117,1.0
416,425,2.590328807069262
416,135,1.0
416,300,1.0
416,301,1.0
416,593,1.0
416,535,3.7379889801171937
416,127,1.0
416,22,1.0
416,103,1.0
416,693,1.5246090091600326
416,488,1.0
416,223,1.0
416,420,1.0
416,439,1.0
416,247,1.0
416,242,1.0
416,285,1.0572217562844182
416,600,1.0
416,239,1.0
416,410,1.0
416,83,1.0
416,414,1.0
416,682,1.0
416,458,1.0
416,491,1.0
416,97,1.0
416,9,1.0
416,694,1.0
416,259,1.0
416,484,1.0
416,155,1.0
416,244,1.0
416,494,1.0
416,98,1.0
416,651,1.0
416,526,1.0
416,23,1.0
416,184,1.98486722928634
416,123,1.0
416,658,1.0
416,486,1.0
416,422,1.0
416,646,1.0
416,136,1.0
416,598,1.0
416,522,1.0
416,75,1.0
416,561,1.0
416,167,1.0
416,599,1.3555700014081995
416,654,1.0
416,451,1.0
416,554,1.0
416,536,1.0
416,465,1.0
416,231,1.0
416,619,1.0
416,504,1.0
416,271,1.0
416,138,1.0
416,56,1.0
416,32,1.0
416,87,1.0
416,243,1.0
416,283,1.0
416,284,1.0
416,650,3.608522150290442
416,270,1.0
420,616,1.0
420,504,1.0
420,245,1.0
420,247,1.0
420,242,1.0
420,259,1.0
420,477,1.0
420,478,1.0
422,291,1.0
422,683,1.0
422,455,1.0
422,8,1.0
422,56,1.0
422,271,1.0
422,272,1.0
422,273,1.0
422,510,1.0
422,137,1.0
422,501,1.0
422,405,1.0
422,410,1.0
422,149,1.0
422,292,1.0
422,83,1.0
422,678,1.0
422,28,1.0
422,680,1.0
422,293,1.0
422,119,1.0
422,416,1.0
422,431,1.0
422,201,1.0
422,600,1.0
422,613,1.0
422,259,1.0
422,157,1.0
422,150,2.7899589503291296
422,647,1.0
422,88,1.0
422,30,1.0
422,595,1.0
422,169,1.0
422,521,1.0
422,135,1.0
422,422,1.0
422,44,1.0
422,472,1.0
424,33,1.0
424,108,1.0
424,87,1.0
424,571,1.0
424,649,1.0
424,586,1.0
424,422,1.0
424,593,1.0
424,535,1.0
424,607,1.0
424,158,1.0
424,260,1.0
424,408,1.0
424,628,1.0
424,86,1.0
424,259,1.0
424,157,1.0
424,424,1.0
424,501,1.0
424,405,1.0
424,688,2.4221886905969985
424,211,1.0
424,23,1.0
424,525,1.0
424,458,1.0
424,480,1.0
424,151,1.0
424,115,1.0
424,142,1.0
424,90,1.0
424,214,1.0
424,248,1.0
424,136,1.0
424,150,1.020813640912873
424,243,1.0
424,647,1.0
424,283,1.0
424,284,1.0
424,88,1.0
424,494,1.0
424,30,1.0
424,192,1.0
424,676,1.0
424,595,1.0
424,206,1.0
424,588,1.0
424,288,1.0
424,13,1.0
424,155,1.0
424,485,1.0
424,439,1.0
424,163,1.0
424,672,1.0
424,176,1.0
424,291,1.0
424,570,1.0
424,683,1.0
424,440,1.0
424,583,1.0
424,81,1.0
424,209,1.0
424,503,1.0
424,602,1.0
424,107,1.0
424,201,1.0
424,435,1.0
424,12,1.0
424,646,1.0
424,600,1.0
424,613,1.0
424,208,1.0
424,495,1.0
424,48,1.0
424,663,1.0
424,0,1.0
424,239,1.0
424,410,1.0
424,636,1.0
424,55,1.0
424,149,1.0
424,292,1.0
424,614,1.0
424,83,1.0
424,189,1.0
424,414,1.0
424,198,1.0
424,650,1.0
424,573,1.0
424,678,1.0
424,504,1.0
424,507,1.0
424,70,1.0
424,294,1.0
424,213,1.0
424,530,1.0
424,159,2.0828845721658458
424,518,1.0
424,490,1.0
424,28,1.0
424,472,1.0
424,131,1.0
424,513,1.0
424,53,1.0
424,526,1.0
424,608,1.0
424,171,1.0
424,601,1.0
424,661,1.0
424,167,1.0
424,432,1.0
424,599,1.0
424,632,1.0
424,45,1.0
424,594,1.0
424,9,1.0
424,454,1.0
424,685,1.0
424,156,1.0
424,280,1.0
424,169,1.0
424,97,1.0
424,123,1.0
424,186,1.0
424,656,1.0
424,73,1.0
424,240,1.0
424,425,1.0
424,617,1.0
424,109,1.0
424,135,1.0
424,524,1.0
424,492,1.1827353081549543
424,621,1.1309560232831029
424,693,1.0
424,482,1.0
424,175,1.0
424,488,1.0
424,694,1.0
424,223,1.0
424,420,1.0
424,680,1.0
424,687,1.0
424,34,1.0
424,144,1.0
424,19,1.0
424,170,1.0
424,261,1.0
424,493,1.0
424,138,1.0
424,133,1.0
424,184,1.0
424,671,1.0
424,665,1.0
424,110,1.0
424,110,1.0
424,536,1.0
424,510,1.0
424,111,1.0
424,290,1.5008426966926285
424,148,1.0
424,515,1.0
424,92,1.0
424,444,1.0
424,216,1.0
424,630,1.0
424,49,1.0
424,147,1.0
424,690,1.0
424,620,1.0
424,289,1.0
424,550,1.0
424,3,1.0
424,517,1.0
424,589,1.0
424,521,1.0
424,489,1.0
424,584,1.0
424,117,1.0
424,463,1.0
424,44,1.0
424,655,1.0
424,194,1.0
424,229,1.0
424,238,1.8468975579270377
424,96,1.0
424,413,1.0
424,540,1.0
424,415,1.0
424,293,1.0
424,119,1.0
424,143,1.0
424,296,1.0
424,416,1.0
424,431,1.0
424,527,1.0
424,165,1.0
424,185,1.0
424,134,1.5580492122129543
424,645,1.1073379573085285
424,106,1.0
424,29,1.0
424,654,1.0
424,486,1.0
424,455,1.0
424,8,1.0
424,56,1.0
424,270,1.0
424,271,1.0
424,272,1.0
424,273,1.0
424,616,1.0
424,230,1.0
424,287,1.0
424,124,1.0
424,487,1.0
424,237,1.0
424,32,1.0
424,18,1.0
424,523,1.0
424,477,1.0
424,418,1.0
424,282,1.0
424,505,1.0
424,673,1.0
424,591,1.0
431,675,1.0
431,198,1.0
431,678,1.0
431,28,1.0
431,290,1.0
431,103,1.0
431,484,1.0
431,293,1.0
431,119,1.0
431,613,1.0
431,480,1.0
431,647,1.0
431,258,1.0
431,88,1.0
431,17,1.0
431,34,1.0
431,661,1.0
431,18,1.0
441,147,1.0
450,683,1.0
450,503,1.0
450,186,1.0
450,240,1.3520764422786709
450,682,1.0
450,184,1.0
450,593,1.0
450,260,1.0
450,413,1.0
450,540,1.0
450,486,1.0
450,425,1.0
450,157,1.0
450,688,1.0
450,675,1.0
450,149,1.0
450,95,1.0
450,505,1.0
450,620,1.0
450,521,1.0
450,489,1.0
450,646,1.0
450,0,1.0
450,647,1.0
450,494,1.0
450,272,1.0
450,273,1.0
454,454,1.0
457,588,1.0
457,472,1.0
457,608,1.0
457,632,1.0
457,454,1.0
457,501,1.0
457,688,1.0
457,211,1.0
457,525,1.0
457,458,1.0
457,90,1.0
457,457,1.0
457,570,1.0
457,93,1.0
457,679,1.0
457,503,1.0
457,96,1.0
457,415,1.0
457,293,1.0
457,134,1.0
457,170,1.0
457,290,1.5960908323873582
457,515,1.0
457,591,1.0
457,239,1.0
457,410,1.0
457,614,1.0
457,99,1.0
457,678,1.0
457,545,1.0
457,39,1.0
457,95,1.0
457,137,1.0
457,610,1.0
457,124,1.0
457,13,1.0
457,649,1.0
457,693,1.0
457,673,1.0
457,488,1.0
457,694,1.0
457,420,1.0
457,531,1.0
457,281,1.0
457,259,1.0
457,670,1.0
457,646,1.0
457,663,1.0
457,0,1.0
457,3,1.0
457,117,1.0
457,231,1.0
457,158,1.0
457,97,1.0
457,186,1.0
457,656,1.0
457,150,1.0
457,647,1.0
457,258,1.0
457,30,1.0
457,192,1.0
457,634,1.0
457,98,1.0
457,44,1.0
457,17,1.0
457,238,1.0
457,135,1.0
457,492,1.0
457,517,1.0
457,589,1.0
457,455,1.0
457,581,1.0
457,423,1.0
457,285,1.0
457,484,1.0
457,94,1.0
457,607,1.0
457,624,1.0
457,613,1.0
457,34,1.0
457,413,1.0
457,421,1.0
457,50,1.0
457,675,1.0
457,541,1.0
457,573,1.0
457,28,1.0
457,653,1.0
457,92,1.0
457,145,1.0
457,513,1.0
457,53,1.0
457,32,1.0
457,167,1.0
457,264,1.0
457,664,1.0
457,495,1.0
457,199,1.0
457,690,1.0
457,151,1.0
457,119,1.0
457,463,1.0
457,204,1.0
457,157,1.0
457,431,1.0
457,439,1.0
457,292,1.0
457,83,1.0
457,682,1.0
458,478,1.0
459,425,1.0
459,135,1.0
459,293,1.0
459,119,1.0
459,421,1.0
459,431,1.0
459,185,1.0
459,29,1.0
459,654,1.0
459,157,1.0
459,8,1.0
459,56,1.0
459,124,1.0
459,237,1.0
459,647,1.0
459,284,1.0
459,88,1.0
459,464,1.0
459,664,1.0
459,422,1.0
459,523,1.0
459,501,1.0
459,405,1.0
459,458,1.0
459,479,1.0
459,681,1.0
459,11,1.0
459,169,1.0
459,538,1.0
459,97,1.0
459,186,1.0
459,73,1.0
459,138,1.0
459,682,1.0
459,291,1.0
459,683,1.0
459,440,1.0
459,583,1.0
459,488,1.0
459,484,1.0
459,144,1.0
459,194,1.0
459,238,1.0
459,147,1.0
459,3,1.0
459,589,1.0
459,521,1.0
459,117,1.0
459,191,1.0
459,624,1.0
459,201,1.0
459,600,1.0
459,611,1.0
459,613,1.0
459,208,1.0
459,554,1.0
459,663,1.0
459,510,1.0
459,483,1.0
459,513,1.0
459,53,1.0
459,608,1.0
459,167,1.0
459,33,1.0
459,239,1.0
459,410,1.0
459,149,1.0
459,292,1.0
459,83,1.0
459,198,1.0
459,573,1.0
459,99,1.0
459,678,1.0
459,294,1.0
459,159,1.0
459,490,1.0
461,608,1.0
461,171,1.0
461,9,1.0
461,682,1.0
461,241,1.0
461,245,1.0
461,243,1.0
461,283,1.0
461,284,1.0
461,117,1.0
461,99,1.0
461,678,1.0
461,135,1.0
461,415,1.0
461,293,1.0
461,143,1.0
461,642,1.0
462,472,1.0
462,53,1.0
462,32,1.0
462,608,1.0
462,171,1.0
462,601,1.0
462,661,1.0
462,167,1.0
462,264,1.0
462,632,1.0
462,45,1.0
462,594,1.0
462,9,1.0
462,454,1.0
462,576,1.0
462,631,1.0
462,519,1.0
462,590,1.0
462,455,1.0
462,8,1.0
462,616,1.0
462,287,1.0
462,581,1.0
462,124,1.0
462,487,1.0
462,586,1.0
462,422,1.0
462,102,1.0
462,535,1.0
462,158,1.0
462,191,1.0
462,201,1.0
462,435,1.0
462,12,1.0
462,646,1.0
462,600,1.0
462,611,1.0
462,613,1.0
462,208,1.0
462,663,1.0
462,0,1.0
462,291,1.0
462,570,1.0
462,418,1.0
462,683,1.0
462,40,1.0
462,583,1.0
462,107,1.0
462,239,1.0
462,410,1.0
462,55,1.0
462,149,1.0
462,292,1.0
462,614,1.0
462,262,1.0
462,215,1.0
462,456,1.0
462,83,1.0
462,414,1.0
462,198,1.0
462,573,1.0
462,99,1.0
462,678,1.0
462,657,1.0
462,294,1.0
462,159,1.0
462,518,1.0
462,28,1.0
462,33,1.0
462,108,1.0
462,87,1.0
462,571,1.0
462,649,1.0
462,693,1.0
462,482,1.0
462,673,1.0
462,488,1.0
462,694,1.0
462,484,1.0
462,531,1.0
462,281,1.0
462,493,1.0
462,564,1.0
462,138,1.0
462,682,1.0
462,184,1.0
462,671,1.0
462,110,1.0
462,110,1.0
462,44,1.0
462,655,1.0
462,194,1.0
462,229,1.0
462,172,1.0
462,446,1.0
462,238,1.0
462,425,1.0
462,109,1.0
462,135,1.0
462,524,1.0
462,591,1.0
462,621,1.0
462,214,1.0
462,648,1.0
462,241,1.0
462,245,1.0
462,243,1.0
462,246,1.0
462,247,1.0
462,244,1.0
462,242,1.0
462,647,1.0
462,283,1.0
462,284,1.0
462,249,1.0
462,258,1.0
462,88,1.0
462,609,1.0
462,144,1.0
462,19,1.0
462,157,1.0
462,424,1.0
462,630,1.0
462,49,1.0
462,620,1.0
462,289,1.0
462,550,1.0
462,3,1.0
462,517,1.0
462,589,1.0
462,521,1.0
462,584,1.0
462,117,1.0
462,463,1.0
462,685,1.0
462,169,1.0
462,97,1.0
462,123,1.0
462,186,1.0
462,73,1.0
462,240,1.0
462,512,1.0
462,501,1.0
462,405,1.0
462,211,1.0
462,458,1.0
462,151,1.0
462,115,1.0
462,491,1.0
462,90,1.0
462,464,1.0
462,155,1.0
462,485,1.0
462,664,1.0
462,540,1.0
462,415,1.0
462,293,1.0
462,119,1.0
462,143,1.0
462,421,1.0
462,296,1.0
462,416,1.0
462,527,1.0
462,165,1.0
462,185,1.0
462,50,1.0
462,134,1.0
462,195,1.0
462,645,1.0
462,695,1.0
462,486,1.0
462,536,1.0
462,290,1.0
462,642,1.0
462,148,1.0
462,92,1.0
462,137,1.0
462,667,1.0
462,439,1.0
472,624,1.0
472,613,1.0
472,282,1.0
472,649,1.0
472,455,1.0
472,170,1.0
472,291,1.0
472,570,1.0
472,503,1.0
472,148,1.0
472,415,1.0
472,134,1.0
472,44,1.0
472,229,1.0
472,501,1.0
472,405,1.0
472,211,1.0
472,525,1.0
472,458,1.0
472,169,1.0
472,656,1.0
472,240,1.0
472,239,1.0
472,410,1.0
472,614,1.0
472,262,1.0
472,678,1.0
472,647,1.0
472,531,1.0
472,472,1.0
472,608,1.0
472,137,1.0
472,3,1.0
481,8,1.0
481,184,1.0
481,609,1.0
481,186,1.0
481,33,1.0
483,262,2.0343075246157616
483,551,1.0
483,289,1.0
484,415,1.0
484,296,1.0
484,134,1.0
484,472,1.0
484,45,1.0
484,9,1.0
484,454,1.0
484,258,1.0
484,455,1.0
484,406,1.0
484,613,1.0
484,649,1.0
484,501,1.0
484,211,4.6607634073477895
484,90,1.0
484,570,1.0
484,581,1.0
484,517,1.0
484,435,1.0
484,135,1.0
484,143,1.0
484,656,1.0
484,648,1.0
486,540,1.0
491,146,1.0
491,564,1.0
491,682,1.0
491,184,1.0
491,283,1.0
491,284,1.0
491,249,1.0
491,415,1.0
491,185,1.0
491,134,1.0
491,259,1.0
491,573,1.0
491,99,1.0
491,678,1.0857017862877425
491,28,1.0
491,440,1.0
491,483,1.0
491,117,1.0
491,501,1.0
491,405,1.0
491,115,1.0
491,435,1.0
491,586,1.0
491,32,1.0
491,608,1.0
491,42,1.0
491,238,1.0
491,455,1.0
494,78,1.0
494,263,1.0
494,656,1.0
494,240,1.0
494,259,1.0
494,505,1.0
494,517,1.0
494,137,1.0
494,460,1.0
494,642,1.0
494,148,1.0
494,649,1.0
494,472,1.0
494,32,1.0
494,637,1.0
494,171,1.0
494,432,1.0
494,264,1.0
494,632,1.0
494,8,1.0
494,610,1.0
494,135,1.0
494,600,1.0
494,570,1.0
494,671,1.0
494,665,1.0
494,488,1.0
494,540,1.0
494,143,1.0
494,185,1.0
494,134,1.0
494,654,1.0
494,614,1.0
494,298,1.0
494,83,1.0
494,541,1.0
494,99,1.0
494,678,1.0
494,490,1.0
494,241,1.0
494,245,1.0
494,247,1.0
494,244,1.0
494,284,1.0
494,609,1.0
494,192,1.0
494,694,1.0
494,159,1.0
494,523,1.0
494,149,1.0
495,649,1.0
495,600,1.0
497,44,1.0
497,194,1.0
497,83,1.0
497,198,1.0
497,541,1.0
497,99,1.0
497,490,1.0
497,28,1.0
497,661,1.0
497,422,1.0
497,535,1.0
497,523,1.0
497,158,1.0
497,214,1.0
497,241,1.0
497,245,1.0
497,246,1.0
497,647,1.0
497,284,1.0
497,88,1.0
497,33,1.0
497,18,1.0
497,455,1.0
497,8,1.0
497,124,1.0
497,237,1.0
497,119,1.0
497,416,1.0
497,600,1.0
497,613,1.0
497,554,1.0
497,290,1.0
497,34,1.0
497,425,1.0
497,135,1.0
497,621,1.0
497,505,1.0
497,147,1.0
497,620,1.0
497,3,1.0
497,117,1.0
497,291,1.0
497,570,1.0
497,683,1.0
497,40,1.0
497,107,1.0
497,157,1.0
497,424,1.0
497,11,1.0
497,169,1.0
497,97,1.0
497,464,1.0
500,241,1.0
500,245,1.0
500,243,1.0
500,246,1.0
500,247,1.0
500,244,1.0
500,242,1.0
500,540,1.0
520,540,1.0
526,234,1.0
526,233,1.0
526,501,1.0
526,405,1.0
526,211,1.0
526,458,1.0
526,480,1.0
526,151,1.0
526,115,1.0
526,491,1.0
526,142,1.0
526,90,1.0
526,44,1.0
526,52,1.0
526,229,1.0
526,238,1.0
526,455,1.0
526,8,1.0
526,287,1.0
526,610,1.0
526,581,1.0
526,413,1.0
526,217,1.0
526,540,1.0
526,415,1.0
526,450,1.0
526,293,1.0
526,119,1.0
526,143,1.0
526,296,1.0
526,416,1.0
526,658,1.0
526,431,1.0
526,652,1.0
526,165,1.0
526,185,1.0
526,134,1.0
526,195,1.0
526,106,1.0
526,29,1.0
526,695,1.0
526,654,1.0
526,486,1.0
526,138,1.0
526,682,1.0
526,184,1.0
526,671,1.0
526,110,1.0
526,110,1.0
526,472,1.0
526,513,1.0
526,53,1.0
526,526,1.0
526,32,1.0
526,608,1.0
526,171,1.0
526,661,1.0
526,167,1.0
526,432,1.0
526,264,1.0
526,632,1.0
526,45,1.0
526,594,1.0
526,9,1.0
526,454,1.5274209302914443
526,241,1.0
526,245,1.0
526,243,1.0
526,246,1.0
526,247,1.0
526,647,1.0
526,283,1.0
526,284,1.0
526,508,1.0
526,258,1.0
526,88,1.0
526,609,1.0
526,634,1.0
526,239,1.0
526,410,1.0
526,149,1.0
526,292,1.0
526,262,1.0
526,215,1.0
526,456,1.0
526,83,1.0
526,414,1.0
526,573,1.0
526,99,1.0
526,678,1.0
526,657,1.0
526,28,1.0
526,259,1.0
526,3,1.0
526,517,1.0
526,589,1.0
526,521,1.0
526,489,1.0
526,584,1.0
526,117,1.0
526,425,1.0
526,109,1.0
526,47,1.0
526,135,1.0
526,492,1.0
526,290,1.0
526,642,1.0
526,148,1.0
526,515,1.0
526,483,1.0
526,92,1.0
526,216,1.0
526,261,1.0
526,570,1.0
526,683,1.0
526,583,1.0
526,145,1.0
526,662,1.0
526,439,1.0
526,672,1.0
526,485,1.0
526,566,1.0
526,169,1.0
526,538,1.0
526,97,1.0
526,123,1.0
526,186,1.0
526,656,1.0
526,240,1.0
526,631,1.0
526,519,1.0
526,590,1.0
526,460,1.0
526,686,1.0
526,586,1.0
526,693,1.0
526,146,1.0
526,420,1.0
526,680,1.0
526,531,1.0
526,281,1.0
526,191,1.0
526,201,1.0
526,435,1.0
526,611,1.0
526,208,1.0
526,0,1.0
526,108,1.0
526,87,1.0
526,571,1.0
526,649,1.0
526,636,1.0
526,50,1.0
526,103,1.0
526,637,1.0
526,675,1.0
526,75,1.0
526,603,1.0
526,545,1.0
533,37,1.0
533,485,1.0
533,103,1.0
533,484,1.0
533,243,1.0
533,249,1.0
533,98,1.0
533,296,1.0
533,416,1.0
533,69,1.0
533,50,1.0
533,645,1.0
533,629,1.0
533,92,1.0
533,493,1.0
533,564,1.0
533,682,1.0
533,665,1.0
533,630,1.0
533,620,1.0
533,521,1.0
533,11,1.0
533,42,1.0
533,298,1.0
533,678,1.0
533,178,1.0
533,8,1.0
533,406,1.0
533,124,1.0
533,102,1.0
533,435,1.0
533,27,1.0
533,613,1.0
533,208,1.0
533,0,1.0
533,501,1.0
533,58,1.0
533,452,1.0
533,241,1.0
533,245,1.0
533,283,1.0
533,258,1.0
533,109,1.0
533,47,1.0
533,135,1.050677548514489
533,299,1.0
533,87,1.0
533,44,1.0
533,671,1.0
533,110,1.0
533,110,1.0
533,646,1.0
533,460,1.0
533,169,1.0
533,186,1.0
533,239,1.0
533,410,1.0
533,414,1.0
533,657,1.0
533,39,1.0
533,405,1.0
533,115,1.4117260633573738
533,34,1.0
533,144,1.0
533,160,1.0
533,49,1.0
533,117,1.0
533,413,1.0
533,415,1.0
533,450,1.0
533,106,1.0
533,570,1.0
533,588,1.0
533,53,1.0
533,526,1.0
533,534,1.0
533,637,1.3003347240090204
533,264,1.0
533,594,1.0
533,9,1.0
533,119,1.0
533,652,1.0
533,527,1.0
533,695,1.6868845789243774
533,675,1.0
533,99,1.690929278775062
533,171,1.3070282382133311
533,632,1.0
533,674,1.0
533,240,1.0
533,571,1.0
533,694,1.0
533,611,2.458319836662377
533,48,1.0
533,291,1.0
533,683,1.0
533,155,1.0
533,508,1.0
533,148,1.0
533,3,1.0
533,121,1.0
533,598,1.0
533,693,1.0
533,146,1.0
533,599,1.0
533,294,1.0
533,134,1.0
536,89,1.0
536,682,1.0
536,201,1.0
536,151,1.0
536,103,1.0
536,264,1.0
536,540,1.0
536,415,1.0
538,647,1.0
538,611,1.0
538,540,1.0
538,143,1.0
539,262,1.0
540,133,1.0
540,184,1.0
540,665,1.0
540,110,1.0
540,110,1.0
540,290,1.0
540,284,1.0
540,508,1.0
540,169,1.0
540,240,1.0
540,540,1.0
540,415,1.0
540,416,1.0
540,185,1.0
540,50,1.0
540,486,1.0
540,262,1.0
540,99,1.0
540,472,1.0
540,594,1.0
540,87,1.0
540,613,1.0
540,48,1.0
540,663,1.0
541,78,1.0
541,241,1.0
541,256,1.0
541,254,1.0
541,541,1.0
541,135,1.0
541,259,1.0
541,32,1.0
541,517,1.0
541,685,1.0
541,138,1.0
550,216,1.0
571,44,1.0
571,194,1.0
571,238,1.0
571,290,1.0
571,198,1.0
571,678,1.0
571,169,1.0
571,613,1.0
571,425,1.0
571,135,1.0
571,3,1.0
571,405,1.0
571,683,1.0
571,283,1.0
571,488,1.0
571,415,1.0
571,293,1.0
571,143,1.0
571,416,1.0
571,33,1.0
571,649,1.0
571,620,1.0
571,99,1.0
571,243,1.0
584,678,1.0
584,135,1.0
584,480,1.0
584,589,1.0
584,521,1.0
584,117,1.0
584,186,1.0
584,420,1.0
584,258,1.0
584,0,1.0
584,455,1.0
584,513,1.0
584,53,1.0
584,17,1.0
589,613,1.0
590,103,1.0
590,682,1.0
590,526,1.0
590,594,1.0
590,248,1.0
590,98,1.0
590,550,1.0
590,589,1.0
590,416,1.0
590,614,1.0
590,262,1.0
590,87,1.0
590,44,1.0
590,462,1.0
590,681,1.0
590,452,1.0
590,425,1.0
590,109,1.0
590,47,1.0
590,135,1.0
590,621,1.0
590,80,1.0
590,598,1.0
590,241,1.0
590,245,1.0
590,243,1.0
590,246,1.0
590,647,1.0
590,283,1.0
590,284,1.0
590,508,1.0
590,249,1.0
590,258,1.0
590,609,1.0
590,192,1.0
590,624,1.0
590,65,1.0
590,201,1.0
590,435,1.0
590,646,1.0
590,27,1.0
590,611,1.0
590,613,1.0
590,208,1.0
590,48,1.0
590,663,1.0
590,0,1.0
590,239,1.0
590,410,1.0
590,638,1.0
590,55,1.0
590,149,1.0
590,292,1.0
590,298,1.0
590,456,1.0
590,496,1.0
590,83,1.0
590,414,1.0
590,541,1.0
590,573,1.0
590,99,1.0
590,678,1.0
590,657,1.0
590,178,1.0
590,70,1.0
590,294,1.0
590,213,1.0
590,159,1.0
590,28,1.0
590,39,1.0
590,455,1.0
590,8,1.0
590,406,1.0
590,287,1.0
590,610,1.0
590,581,1.0
590,124,1.0
590,685,1.0
590,11,1.0
590,24,1.0
590,169,1.0
590,97,1.0
590,123,1.0
590,186,1.0
590,674,1.0
590,51,1.0
590,73,1.0
590,74,1.0
590,493,1.0
590,564,1.0
590,89,1.0
590,184,1.0
590,671,1.0
590,665,1.0
590,110,1.0
590,110,1.0
590,291,1.0
590,570,1.0
590,683,1.0
590,440,1.0
590,583,1.0
590,145,1.0
590,400,1.0
590,679,1.0
590,503,1.0
590,586,1.0
590,422,1.0
590,102,1.0
590,604,1.0
590,164,1.0
590,158,1.0
590,288,1.0
590,37,1.0
590,160,1.0
590,155,1.0
590,485,1.0
590,501,1.0
590,405,1.0
590,211,1.0
590,458,1.0
590,151,1.0
590,115,1.0
590,157,1.0
590,627,1.0
590,205,1.0
590,693,1.0
590,146,1.0
590,488,1.0
590,694,1.0
590,484,1.0
590,680,1.0
590,687,1.0
590,17,1.0
590,194,1.0
590,555,1.0
590,42,1.0
590,238,1.0
590,468,1.0
590,34,1.0
590,144,1.0
590,19,1.0
590,170,1.0
590,472,1.0
590,513,1.0
590,534,1.0
590,608,1.0
590,637,1.0
590,171,1.0
590,432,1.0
590,264,1.0
590,632,1.0
590,9,1.0
590,77,1.0
590,49,1.0
590,147,1.0
590,620,1.0
590,289,1.0
590,3,1.0
590,517,1.0
590,521,1.0
590,117,1.0
590,631,1.0
590,193,1.0
590,536,1.0
590,111,1.0
590,290,1.0
590,148,1.0
590,653,1.0
590,92,1.0
590,33,1.0
590,639,1.0
590,108,1.0
590,649,1.0
590,439,1.0
590,413,1.0
590,540,1.0
590,415,1.0
590,293,1.0
590,119,1.0
590,143,1.0
590,296,1.0
590,69,1.0
590,527,1.0
590,165,1.0
590,185,1.0
590,50,1.0
590,134,1.0
590,645,1.0
590,106,1.0
590,29,1.0
590,695,1.0
590,486,1.0
591,534,1.0
591,594,1.0
591,109,1.0
591,629,1.0
591,92,1.0
591,160,1.0
591,488,1.0
591,484,1.0
591,211,1.0
591,8,1.0
591,406,1.0
591,124,1.0
591,435,1.0
591,613,1.0
591,208,1.0
591,493,1.0
591,564,1.0
591,682,1.0
591,665,1.0
591,110,1.0
591,110,1.0
591,519,1.0
591,460,2.954948190141033
591,243,1.0
591,647,1.0
591,249,1.0
591,258,1.0
591,88,1.0
591,98,1.0
591,149,1.472804821635883
591,298,1.0
591,678,1.0
591,657,1.0
591,178,1.0
591,159,1.0
591,413,1.0
591,540,1.0
591,415,1.0
591,450,1.0
591,185,1.0
591,50,1.0
591,87,1.5508149683250716
591,649,1.0
591,49,1.0
591,620,1.0
591,521,1.0
591,117,1.0
591,44,1.0
591,42,1.0
591,37,1.0
591,155,1.0
591,485,1.0
591,201,1.0
591,646,1.0
591,27,1.0
591,48,1.0
591,184,1.0
591,671,1.0
591,455,1.0
591,287,1.0
591,581,1.0
591,33,1.0
591,108,1.0
591,536,1.0
591,290,1.0
591,148,1.0
591,653,1.0
591,472,1.0
591,526,1.0
591,637,1.0
591,661,1.0
591,264,1.0
591,632,1.0
591,9,1.0
591,157,1.0
591,239,1.0
591,410,1.0
591,638,4.207672109001379
591,292,1.0
591,614,1.0
591,456,1.0
591,414,1.0
591,573,1.0
591,99,1.0
591,294,1.0
591,28,1.0
591,39,1.0
591,293,1.0
591,119,1.0
591,143,1.0
591,296,1.0
591,416,1.0
591,69,1.0
591,527,1.0
591,165,1.0
591,195,1.0
591,645,1.0
591,106,1.0
591,695,1.0
591,486,1.0
591,121,1.0
591,238,1.0
591,11,1.0
591,169,1.0
591,97,1.0
591,123,1.0
591,186,1.0
591,674,1.0
591,291,1.0
591,222,1.0
591,683,1.0
591,503,1.0
591,425,1.0
591,47,1.0
591,135,1.0
591,422,1.0
591,102,1.0
591,158,1.0
591,205,1.0
591,103,1.0
591,146,1.0
591,175,1.0
591,694,1.0
591,420,1.0
591,289,1.0
591,3,1.0
591,589,1.0
591,34,1.0
591,144,1.0
591,170,1.0
591,501,1.0
591,405,1.0
591,151,1.0
591,115,1.0
591,681,1.0
591,452,1.0
591,90,1.0
591,598,1.0
591,241,2.0853891126897315
591,245,1.0
591,283,1.0
591,284,1.0
591,508,1.0
591,609,1.0
591,610,1.0
591,566,1.0
591,586,1.0
591,240,1.0
591,171,1.0
591,675,1.0
591,89,1.0
591,468,1.0
591,604,1.0
591,538,1.0
591,134,1.0
591,603,1.0
591,262,1.0
591,513,1.0
591,45,1.0
591,600,1.0
591,611,1.0
596,472,1.0
600,693,1.0
600,146,1.0
600,694,1.0
600,420,1.0
600,685,1.0
600,169,1.0
600,97,1.0
600,123,1.0
600,186,1.0
600,240,1.0
600,33,1.0
600,199,1.0
600,87,1.0
600,649,1.0
600,93,1.0
600,683,1.0
600,583,1.0
600,145,1.0
600,157,1.0
600,435,1.0
600,600,1.0
600,613,1.0
600,208,1.0
600,666,1.0
600,0,1.0
600,34,1.0
600,170,1.0
600,501,1.0
600,405,1.0
600,211,1.0
600,458,1.0
600,479,1.0
600,58,1.0
600,115,1.0
600,491,1.0
600,90,1.0
600,239,1.0
600,410,1.0
600,55,1.0
600,675,1.0
600,149,1.0
600,292,1.0
600,614,1.0
600,298,1.0
600,496,1.0
600,83,1.0
600,414,1.0
600,198,1.0
600,541,1.0
600,99,1.0
600,678,1.0
600,657,1.0
600,294,1.0
600,28,1.0
600,485,1.0
600,78,1.0
600,96,1.0
600,217,1.0
600,540,5.515664128934173
600,415,1.0
600,450,1.0
600,293,1.0
600,119,1.0
600,143,1.0
600,421,1.0
600,416,1.0
600,652,1.0
600,165,1.0
600,185,1.0
600,50,1.0
600,134,1.0
600,195,1.0
600,645,1.0
600,498,1.0
600,695,1.0
600,472,1.0
600,526,1.0
600,32,1.0
600,608,1.0
600,637,1.0
600,171,1.0
600,661,1.0
600,167,1.0
600,432,1.0
600,264,1.0
600,632,1.0
600,45,1.0
600,594,1.0
600,9,1.0
600,454,1.0
600,455,1.0
600,8,1.0
600,287,1.0
600,610,1.0
600,581,1.25936861843177
600,124,1.0
600,3,1.0
600,517,1.0
600,589,1.0
600,521,1.0
600,117,1.0
600,536,1.0
600,111,1.0
600,290,1.0
600,642,1.0
600,148,1.0
600,92,1.0
600,493,1.0
600,138,1.0
600,682,1.0
600,184,1.0
600,671,1.0
600,110,1.0
600,245,1.0
600,243,1.0
600,247,1.0
600,647,1.0
600,283,1.0
600,284,1.0
600,258,1.0
600,609,1.0
600,192,1.0
600,576,1.0
600,607,1.0
600,137,1.0
600,439,1.0
600,44,1.0
600,42,1.0
600,446,1.0
600,238,1.0
600,47,1.0
600,135,1.0
600,524,1.0
600,591,1.0
600,573,1.0
600,691,1.0
600,159,1.0
600,534,1.0
600,648,1.0
600,639,1.0
600,103,1.0
600,527,1.0
600,681,1.0
601,99,1.0
601,240,1.0
601,264,1.0
601,135,1.0
603,540,1.0
603,151,1.0
603,432,1.0
609,415,1.0
609,185,1.0
609,8,1.0
609,124,1.0
609,410,1.0
609,564,1.0
609,184,1.0
609,19,1.0
609,11,1.0
609,97,1.0
609,186,1.0
609,609,1.0
609,513,1.0
609,9,1.0
609,160,1.0
609,155,1.0
609,117,1.0
609,446,1.0
609,88,1.0
609,99,1.0
609,637,1.0
617,536,1.0
617,290,1.0
617,642,1.0
617,148,1.0
617,515,1.0
617,483,1.0
617,216,1.0
617,239,1.0
617,410,1.0
617,149,1.0
617,292,1.0
617,298,1.0
617,456,1.0
617,83,1.0
617,414,1.0
617,198,1.0
617,541,1.0
617,573,1.0
617,99,1.0
617,678,1.0
617,294,1.0
617,213,1.0
617,425,1.0
617,109,1.0
617,47,1.0
617,135,1.0
617,524,1.0
617,300,1.0
617,301,1.0
617,492,1.0
617,591,1.0
617,586,1.0
617,158,1.0
617,631,1.0
617,590,1.0
617,460,1.0
617,501,1.0
617,405,1.0
617,211,1.0
617,23,1.0
617,458,1.0
617,480,1.0
617,151,1.0
617,115,1.0
617,491,1.0
617,142,1.0
617,90,1.0
617,472,1.0
617,513,1.0
617,53,1.0
617,526,1.0
617,32,1.0
617,608,1.0
617,171,1.0
617,432,1.0
617,264,1.0
617,632,1.0
617,45,1.0
617,594,1.0
617,9,1.0
617,598,1.0
617,243,1.0
617,246,1.0
617,247,1.0
617,552,1.0
617,647,1.0
617,283,1.0
617,284,1.0
617,258,1.0
617,88,1.0
617,455,1.0
617,8,1.0
617,287,1.0
617,610,1.0
617,581,1.0
617,124,1.0
617,564,1.0
617,138,1.0
617,682,1.0
617,671,1.0
617,665,1.0
617,110,1.0
617,110,1.0
617,639,1.0
617,108,1.0
617,100,1.0
617,87,1.0
617,571,1.0
617,649,1.0
617,464,1.0
617,13,1.0
617,155,1.0
617,485,1.0
617,263,1.0
617,259,1.0
617,566,1.0
617,169,1.0
617,97,1.0
617,123,1.0
617,186,1.0
617,656,1.0
617,240,1.0
617,435,1.0
617,600,1.0
617,611,1.0
617,208,1.0
617,495,1.0
617,0,1.0
617,96,1.0
617,633,1.0
617,540,1.0
617,415,1.0
617,293,1.0
617,119,1.0
617,143,1.0
617,296,1.0
617,416,1.0
617,431,1.0
617,165,1.0
617,185,1.0
617,134,1.0
617,645,1.0
617,106,1.0
617,486,1.0
617,439,1.0
617,672,1.0
617,261,1.0
617,289,1.0
617,3,1.0
617,517,1.0
617,589,1.0
617,584,1.0
617,117,1.0
617,291,1.0
617,570,1.0
617,93,1.0
617,583,1.0
617,107,1.0
617,693,1.0
617,146,1.0
617,488,1.0
617,420,1.0
617,680,1.0
617,531,1.0
617,281,1.0
617,44,1.0
617,52,1.0
617,17,1.0
617,42,1.0
617,238,1.0
618,638,1.0
618,521,1.0
618,135,1.0
618,8,1.0
618,240,1.0
621,291,1.0
621,119,1.0
621,248,1.0
621,171,1.0
621,484,1.0
621,99,1.0
621,678,1.0
621,28,1.0
621,44,1.0
621,17,1.0
621,589,1.0
621,621,1.0
621,681,1.0
621,285,1.0
624,103,1.0
624,420,1.0
624,614,1.0
624,496,1.0
624,198,1.0
624,159,1.0
624,186,1.0
624,18,1.0
624,624,1.0
624,630,1.0
624,589,1.0
624,258,1.0
624,99,1.0
625,540,1.0
626,56,1.0
626,685,1.0
626,146,1.0
626,239,1.0
626,410,1.0
626,294,1.0
626,159,1.0
626,415,1.0
626,143,1.0
626,238,1.0
626,665,1.0
626,480,1.0
626,463,1.0
626,0,1.0
626,521,1.0
626,425,1.0
626,211,1.0
626,594,1.0
627,600,1.0
627,613,1.0
627,48,1.0
627,0,1.0
627,97,1.0
627,123,1.0
627,656,1.0
627,240,1.0
627,540,1.0
627,119,1.0
627,143,1.0
627,134,1.0
627,695,1.0
627,8,1.0
627,241,1.0
627,245,1.0
627,508,1.0
627,515,1.0
627,259,1.0
627,32,1.0
627,637,1.0
627,87,1.0
627,149,1.0
627,292,1.0
627,414,1.0
627,99,1.0
627,678,1.0
627,294,1.0
627,138,1.0
638,501,1.0
638,624,1.0
638,263,1.0
638,523,1.0
638,607,1.0
638,147,1.0
657,515,1.0
657,8,1.0
657,581,1.0
657,124,1.0
657,239,1.0
657,410,1.0
657,638,1.0
657,678,1.0
657,294,1.0
657,589,1.0
657,93,1.0
657,683,1.0
657,142,1.0
657,488,1.0
657,694,1.0
657,680,1.0
657,531,1.0
657,608,1.0
657,9,1.0
657,454,1.0
657,519,1.0
657,425,1.0
657,591,1.0
657,415,1.0
657,296,1.0
657,658,1.0
657,69,1.0
657,134,1.0
657,588,1.0
657,666,1.0
657,663,1.0
657,665,1.0
657,119,1.0
657,432,1.0
657,291,1.0
657,496,1.0
661,693,1.0
661,488,1.0
661,484,1.0
661,540,1.1717189472590237
661,415,1.0
661,293,1.0
661,143,1.0
661,416,1.0
661,165,1.0
661,185,1.0
661,134,1.0
661,486,1.0
661,301,1.0
661,621,1.0
661,682,1.0
661,110,1.0
661,110,1.0
661,458,1.0
661,115,1.0
661,685,1.0
661,240,1.0
661,472,1.0
661,608,1.0
661,632,1.0
661,44,1.0
661,194,1.0
661,42,1.0
661,238,1.0
661,289,1.0
661,3,1.0
661,517,1.0
661,589,1.0
661,521,1.0
661,117,1.0
661,108,1.0
661,422,1.0
661,102,1.0
661,261,1.0
661,283,1.0
661,284,1.0
661,536,1.0
661,290,1.0
661,642,1.0
661,291,1.0
661,570,1.0
661,683,1.0
661,519,1.0
661,455,1.0
661,8,1.0
661,124,1.0
661,259,1.0
661,624,1.0
661,201,1.0
661,600,1.0
661,613,1.0
661,208,1.0
661,239,1.0
661,410,1.0
661,149,1.0
661,292,1.0
661,573,1.0
661,99,1.0
661,678,1.0
661,28,1.0
671,649,1.0
671,259,1.0
671,460,1.0
671,458,1.0
671,247,1.0
671,647,1.0
671,258,1.0
671,494,1.3585610377762445
671,609,1.0
671,160,1.0
671,124,1.0
671,413,1.0
671,415,1.0
671,293,1.0
671,654,1.0
671,486,1.0
671,675,1.0
671,215,1.0
671,657,1.0
671,178,1.0
671,690,1.0
671,117,1.0
671,171,1.0
671,661,1.0
671,264,1.0
671,632,1.0
671,45,1.0
671,9,1.0
671,682,1.0
671,671,1.0
671,110,1.0
671,110,1.0
671,97,1.0
671,92,1.0
671,467,1.0
671,191,1.0
671,600,1.0
671,0,1.0
671,163,1.0
671,570,1.0
671,292,1.0
671,8,1.0
671,457,1.0
671,119,1.0
671,195,1.0
671,645,1.0
671,29,1.0
671,151,1.0
671,90,1.0
671,44,1.0
671,485,1.0
671,283,1.0
671,284,1.0
671,34,1.0
671,157,1.0
671,606,1.0
671,135,1.0
671,291,1.0
671,40,1.0
671,583,1.0
671,290,1.0
671,410,1.0
671,298,1.0
671,99,1.0
671,678,1.0
671,134,1.0
671,123,1.0
671,186,1.0
671,656,1.0
671,664,1.0
671,608,1.0
671,17,1.0
671,261,1.0
671,435,1.0
671,282,1.0
671,87,1.0
671,211,1.0
671,589,1.0
671,665,1.0
671,613,1.0
671,239,1.0
671,490,1.0
671,167,1.0
671,454,1.0
671,693,1.0
671,694,1.0
671,3,1.0
671,501,1.0
671,143,1.0
671,296,1.0
671,416,1.0
671,47,1.0
671,50,1.0
671,439,1.0
671,93,1.0
673,259,1.0
673,458,1.0
673,289,1.0
673,294,1.0
673,488,1.0
673,135,1.0
673,242,1.0
673,486,1.0
677,686,2.2812287116573406
677,99,1.0
677,293,1.0
677,594,1.0
677,678,1.0
678,135,1.0
678,262,1.0
678,490,1.0
678,138,1.0
678,184,1.0
678,665,1.0
678,110,1.0
678,110,1.0
678,472,1.0
678,32,1.0
678,9,1.0
678,501,1.0
678,405,1.0
678,87,1.0
678,508,1.0
678,88,1.0
678,620,1.0
678,201,1.0
678,435,1.0
678,613,1.0
678,208,1.0
678,48,1.0
678,169,1.0
678,656,1.0
678,240,1.0
678,515,1.0
678,683,1.0
678,583,1.0
678,540,1.0
678,415,1.0
678,119,1.0
678,185,1.0
678,50,1.0
678,486,1.0
679,415,1.0
679,678,1.0
679,484,1.0
679,439,1.0
679,160,1.0
679,42,1.0
679,109,1.0
679,598,1.0
679,247,1.0
679,566,1.0
679,169,1.0
679,97,1.0
679,240,1.0
679,290,1.0
679,216,1.0
679,682,1.0
679,435,1.0
679,646,1.0
679,613,1.0
679,208,1.0
681,149,1.0
681,3,1.0
685,208,1.0
685,431,1.0
685,134,1.0
685,87,1.0
685,45,1.0
685,583,1.0
685,8,1.0
685,614,1.0
685,678,1.0
685,97,1.0
685,186,1.0
685,240,1.0
685,405,1.0
687,99,1.0
687,613,1.0
688,517,1.0
688,489,1.0
688,134,1.0
688,289,1.0
691,613,1.0
693,538,1.0
695,44,1.0
695,52,1.0
695,583,1.0
695,503,1.0
695,88,1.0
695,296,1.0
695,185,1.0
695,195,1.0
695,646,1.0
695,613,1.0
695,135,1.0
695,87,1.0
695,608,1.0
695,169,1.0
696,134,1.0
