gene,id
ABCB9,0
AC002331.1,1
AC006129.4,2
AC007950.2,3
AC012368.2,4
AC079767.4,5
AC092580.4,6
AC104024.1,7
ACTB,8
ACTG1,9
ADCYAP1,10
ADM,11
AEBP2,12
AFF4,13
AICDA,14
AIF1,15
AL928768.3,16
ANKRD28,17
ANXA1,18
AP000692.10,19
AP005530.2,20
AR,21
AREG,22
ARL6IP1,23
ARNTL,24
ASCL2,25
ASPM,26
ATF1,27
ATF3,28
ATF5,29
ATG5,30
ATOH1,31
AURKB,32
B4GALT1,33
BACH1,34
BARHL1,35
BARX2,36
BASP1,37
BATF,38
BATF3,39
BCL11A,40
BCL2A1,41
BCL6,42
BEX5,43
BHLHE40,44
BIRC5,45
BMI1,46
C10orf10,47
C12orf75,48
C15orf48,49
C5AR1,50
CADM1,51
CAMK1,52
CAMTA2,53
CASP8AP2,54
CASZ1,55
CBX3,56
CCDC144A,57
CCL17,58
CCL22,59
CCL3,60
CCL4,61
CCL5,62
CCNB1,63
CCNB2,64
CCND2,65
CCR1,66
CCR7,67
CD2,68
CD22,69
CD247,70
CD37,71
CD3D,72
CD3E,73
CD3G,74
CD52,75
CD69,76
CD7,77
CD74,78
CD79B,79
CD83,80
CD8A,81
CD8B,82
CDC20,83
CDCA8,84
CDK1,85
CDK8,86
CDK9,87
CDKN1A,88
CDKN3,89
CDT1,90
CDX2,91
CEBPB,92
CENPA,93
CENPE,94
CENPF,95
CFD,96
CFL1,97
CITED2,98
CKS1B,99
CKS2,100
CLEC7A,101
CLOCK,102
CLU,103
CORO1A,104
CPA3,105
CPT1C,106
CREB1,107
CREB3,108
CREM,109
CRIP1,110
CST3,111
CST7,112
CSTA,113
CTBP1-AS,114
CTCF,115
CTCFL,116
CTD-2313J17.6,117
CTD-3014M21.4,118
CTD-3252C9.4,119
CTLA4,120
CTNNB1,121
CTSG,122
CTSW,123
CUX1,124
CXCL10,125
CXCL13,126
CXCL8,127
CXCR4,128
CXCR6,129
CXorf21,130
CYB5D2,131
CYTOR,132
DAAM1,133
DBP,134
DDIT4,135
DEK,136
DERL3,137
DLGAP5,138
DLX2,139
DLX4,140
DMRT1,141
DNAAF1,142
DNAJB1,143
DOPEY2,144
DUSP2,145
DUSP4,146
DUT,147
E2F1,148
E2F2,149
E2F3,150
E2F4,151
E2F7,152
E2F8,153
EBI3,154
EGR1,155
EHF,156
ELF1,157
ELF2,158
ELF3,159
ELL2,160
EMX1,161
ENPP2,162
EP300,163
EREG,164
ERF,165
ERG,166
ERN1,167
ESR1,168
ESRRA,169
ETS2,170
ETV4,171
ETV5,172
ETV7,173
FABP1,174
FABP5,175
FAM110C,176
FAM92B,177
FCER1G,178
FCGR3B,179
FCRL4,180
FEZ1,181
FGFBP2,182
FILIP1L,183
FOS,184
FOSB,185
FOSL1,186
FOXA1,187
FOXA2,188
FOXD2,189
FOXG1,190
FOXM1,191
FOXO3,192
FOXO4,193
FOXP1,194
FTL,195
FYB1,196
G0S2,197
GADD45A,198
GADD45G,199
GALNTL6,200
GAPDH,201
GATA1,202
GATA2,203
GATA3,204
GATA4,205
GATA6,206
GIMAP7,207
GLI1,208
GLI2,209
GLIS1,210
GLIS2,211
GLIS3,212
GLUL,213
GMDS,214
GMEB1,215
GMEB2,216
GNA15,217
GNLY,218
GPR109B,219
GPR171,220
GPR183,221
GRHL1,222
GRHL2,223
GUCA2B,224
GZMA,225
GZMB,226
GZMH,227
GZMK,228
H1FX,229
H2AFV,230
H2AFZ,231
HAVCR2,232
HBA1,233
HBA2,234
HBB,235
HBD,236
HBP1,237
HES1,238
HES4,239
HINFP,240
HIST1H1A,241
HIST1H1B,242
HIST1H1C,243
HIST1H1D,244
HIST1H3B,245
HIST1H4C,246
HIST1H4E,247
HIVEP1,248
HLA-DMB,249
HLA-DPA1,250
HLA-DPB1,251
HLA-DQA1,252
HLA-DQA2,253
HLA-DQB1,254
HLA-DRA,255
HLA-DRB1,256
HLA-DRB5,257
HMGA1,258
HMGB1,259
HMGB2,260
HMGN1,261
HMGN2,262
HMMR,263
HN1,264
HNF1B,265
HNF4A,266
HOPX,267
HOXA1,268
HOXA13,269
HOXA4,270
HOXA5,271
HOXA6,272
HOXA7,273
HOXB13,274
HOXB4,275
HOXC6,276
HOXC8,277
HPGD,278
HPGDS,279
HRASLS2,280
HSF1,281
HSP90B1,282
HSPA1A,283
HSPA1B,284
HSPA5,285
HSPA6,286
HSPB1,287
ICE1,288
ICE2,289
ID1,290
ID2,291
ID3,292
IER2,293
IER5,294
IFI27,295
IFI30,296
IFI44L,297
IFI6,298
IFIT1,299
IFIT2,300
IFIT3,301
IFNG,302
IGHA1,303
IGHA2,304
IGHD,305
IGHE,306
IGHG1,307
IGHG2,308
IGHG3,309
IGHG4,310
IGHGP,311
IGHM,312
IGHV1-18,313
IGHV1-2,314
IGHV1-24,315
IGHV1-3,316
IGHV1-46,317
IGHV1-8,318
IGHV2-26,319
IGHV2-5,320
IGHV3-11,321
IGHV3-13,322
IGHV3-15,323
IGHV3-20,324
IGHV3-21,325
IGHV3-23,326
IGHV3-30,327
IGHV3-33,328
IGHV3-43,329
IGHV3-48,330
IGHV3-49,331
IGHV3-53,332
IGHV3-64,333
IGHV3-7,334
IGHV3-72,335
IGHV3-73,336
IGHV3-74,337
IGHV3-9,338
IGHV4-31,339
IGHV4-34,340
IGHV4-39,341
IGHV4-59,342
IGHV5-51,343
IGHV6-1,344
IGHV7-81,345
IGKC,346
IGKV1-12,347
IGKV1-16,348
IGKV1-17,349
IGKV1-27,350
IGKV1-39,351
IGKV1-5,352
IGKV1-6,353
IGKV1D-16,354
IGKV1D-43,355
IGKV1D-8,356
IGKV2-24,357
IGKV2-30,358
IGKV2D-28,359
IGKV2D-29,360
IGKV3-11,361
IGKV3-15,362
IGKV3-20,363
IGKV4-1,364
IGKV6-21,365
IGKV6D-21,366
IGLC2,367
IGLC3,368
IGLC6,369
IGLC7,370
IGLL1,371
IGLL5,372
IGLV1-40,373
IGLV1-44,374
IGLV1-47,375
IGLV1-51,376
IGLV10-54,377
IGLV2-11,378
IGLV2-14,379
IGLV2-18,380
IGLV2-23,381
IGLV2-8,382
IGLV3-1,383
IGLV3-10,384
IGLV3-16,385
IGLV3-19,386
IGLV3-21,387
IGLV3-25,388
IGLV3-9,389
IGLV4-69,390
IGLV5-45,391
IGLV5-48,392
IGLV6-57,393
IGLV7-43,394
IGLV7-46,395
IGLV8-61,396
IGLVI-70,397
IL17A,398
IL1B,399
IL1R1,400
IL1RAP,401
IL1RN,402
IL22,403
IL2RA,404
IL32,405
IL6,406
IL7R,407
IRF2,408
IRF8,409
ISG15,410
ISL1,411
JAZF1,412
JSRP1,413
JUN,414
JUNB,415
JUND,416
KIAA0125,417
KIF3C,418
KIT,419
KLF10,420
KLF2,421
KLF3,422
KLF4,423
KLF5,424
KLF6,425
KLRB1,426
KLRC1,427
KLRC2,428
KLRD1,429
KLRF1,430
KMT2B,431
KPNA2,432
KRT86,433
L3MBTL4,434
LAG3,435
LAPTM5,436
LCP1,437
LEF1,438
LGALS1,439
LGALSL,440
LHX2,441
LILRA5,442
LIMD2,443
LINC01272,444
LMO2,445
LPP,446
LRMP,447
LST1,448
LTB,449
LYL1,450
LYZ,451
MAF,452
MAFB,453
MAFG,454
MAFK,455
MARCKSL1,456
MAX,457
MAZ,458
MECOM,459
MECP2,460
MED1,461
MED12,462
MEF2A,463
MEF2C,464
MEIS2,465
METAP2,466
METTL6,467
MIR155HG,468
MKI67,469
MMP12,470
MNDA,471
MNT,472
MS4A1,473
MS4A2,474
MS4A6A,475
MSX1,476
MT-RNR1,477
MT-RNR2,478
MT1X,479
MT2A,480
MYB,481
MYBL1,482
MYBL2,483
MYC,484
MZB1,485
MZF1,486
NAMPT,487
NDUFAF6,488
NEIL1,489
NEK2,490
NFAT5,491
NFKB2,492
NFKBIA,493
NFYA,494
NFYB,495
NFYC,496
NIPBL,497
NKG7,498
NKX2-5,499
NPAT,500
NPW,501
NR2F1,502
NR4A2,503
NUF2,504
NUSAP1,505
OLR1,506
PBX1,507
PBX2,508
PCLAF,509
PCNA,510
PCSK1N,511
PDIA2,512
PFN1,513
PHACTR1,514
PHF20,515
PI3,516
PIF1,517
PIGR,518
PIM2,519
PITX1,520
PKM,521
PLA2G2D,522
PLAC8,523
PLAU,524
PLK1,525
POLR2A,526
PPP1R14A,527
PPP1R2P9,528
PRF1,529
PTGS2,530
PTP4A3,531
PTTG1,532
RAD21,533
RASD1,534
RASSF6,535
RBCK1,536
REG1A,537
RELA,538
REST,539
RFX2,540
RFX5,541
RGCC,542
RGS1,543
RGS13,544
RGS16,545
RGS2,546
RN7SL17P,547
RNASE1,548
RNU1-59P,549
RORA,550
RP1-191J18.66,551
RP1-313I6.12,552
RP1-34B20.21,553
RP11-1143G9.4,554
RP11-154H23.3,555
RP11-156K23.3,556
RP11-164H13.1,557
RP11-214O1.3,558
RP11-301G19.1,559
RP11-331G2.7,560
RP11-386I14.4,561
RP11-480C22.1,562
RP11-546K22.3,563
RP11-596C23.2,564
RP11-701P16.5,565
RP11-727F15.9,566
RP11-757G14.4,567
RP5-1011O1.3,568
RP5-887A10.1,569
RRM2,570
RXRA,571
S100A12,572
S100A4,573
S100A8,574
S100A9,575
SAT1,576
SCN2A,577
SDPR,578
SELL,579
SERPINA9,580
SERPINE1,581
SGO2,582
SH2D6,583
SIN3A,584
SIRPG,585
SLBP,586
SLC4A10,587
SMAD2,588
SMAD3,589
SMC1A,590
SMC3,591
SMC4,592
SMIM14,593
SOCS3,594
SOD2,595
SOX2,596
SOX3,597
SOX4,598
SOX9,599
SP1,600
SP2,601
SP3,602
SPIB,603
SPINK2,604
SPOCK2,605
SPP1,606
SPRY1,607
SREBF1,608
SRF,609
STAG3,610
STAT2,611
STAT5A,612
STAT6,613
STMN1,614
SUCNR1,615
SUGCT,616
TAF3,617
TAL1,618
TBX3,619
TCF12,620
TCF7L2,621
TCL1A,622
TCL1B,623
TEAD4,624
TERF1,625
TFAP2A,626
TFDP1,627
TFE3,628
THBD,629
THBS1,630
TIMP1,631
TK1,632
TMIGD2,633
TNFAIP3,634
TNFAIP6,635
TNFRSF4,636
TOP2A,637
TP73,638
TPM2,639
TPSAB1,640
TPSB2,641
TPX2,642
TRBC2,643
TRDC,644
TRPM4,645
TUBA1B,646
TUBB,647
TUBB2B,648
TUBB4B,649
TXNIP,650
TYMS,651
TYROBP,652
UBE2C,653
UBE2S,654
UBP1,655
UCP2,656
USF1,657
USF2,658
VCAM1,659
VCAN,660
VEZF1,661
VPREB3,662
VPS37B,663
VTRNA1-3,664
WARS,665
WDR66,666
XBP1,667
XCL1,668
XCL2,669
YBX3,670
YY1,671
ZBED4,672
ZBTB10,673
ZBTB16,674
ZBTB17,675
ZBTB2,676
ZBTB33,677
ZBTB7B,678
ZC3H8,679
ZFAT,680
ZFHX3,681
ZFP36L1,682
ZFP36L2,683
ZNF12,684
ZNF143,685
ZNF236,686
ZNF250,687
ZNF263,688
ZNF266,689
ZNF280D,690
ZNF281,691
ZNF331,692
ZNF395,693
ZNF706,694
ZNF83,695
ZNF84,696
ZNF891,697
